City,CityType,Year,Population,BirthsRate,DeathsRate,town,Median_household_income,CRIMENU
Andover,Town,2010,3303,0.54,0.58,1,84274,35
Andover,Town,2011,3298,0.76,0.64,1,91406,26
Andover,Town,2012,3272,0.46,0.52,1,97762,15
Andover,Town,2013,3273,0.55,0.4,1,88438,14
Andover,Town,2014,3272,0.43,0.7,1,109220,24
Andover,Town,2015,3262,0.67,0.74,1,100321,10
Ansonia,Town,2010,19249,1.31,0.96,2,56541,355
Ansonia,Town,2011,19219,0.98,0.92,2,55250,405
Ansonia,Town,2012,19158,1.15,0.94,2,54720,485
Ansonia,Town,2013,19020,1.06,1,2,45505,427
Ansonia,Town,2014,18959,1.16,0.8,2,62191,410
Ansonia,Town,2015,18854,1.11,1,2,43305,380
Ashford,Town,2010,4318,1.04,0.67,3,69407,34
Ashford,Town,2011,4307,0.86,0.65,3,71346,23
Ashford,Town,2012,4284,1.03,0.65,3,75242,19
Ashford,Town,2013,4281,1.07,0.63,3,75127,26
Ashford,Town,2014,4259,0.94,0.77,3,93192,30
Ashford,Town,2015,4251,1.01,0.75,3,77870,18
Avon,Town,2010,18101,0.67,0.76,4,105116,192
Avon,Town,2011,18113,0.61,0.82,4,107733,181
Avon,Town,2012,18283,0.67,0.78,4,111768,174
Avon,Town,2013,18386,0.64,0.78,4,115571,148
Avon,Town,2014,18421,0.77,0.75,4,167001,173
Avon,Town,2015,18414,0.77,0.89,4,123894,150
Barkhamsted,Town,2010,3796,0.42,0.42,5,87656,20
Barkhamsted,Town,2011,3776,0.48,0.72,5,83056,25
Barkhamsted,Town,2012,3759,0.64,0.67,5,84861,18
Barkhamsted,Town,2013,3745,0.48,0.59,5,89911,22
Barkhamsted,Town,2014,3705,0.49,0.51,5,96424,20
Barkhamsted,Town,2015,3685,0.81,0.62,5,95735,18
Beacon Falls,Town,2010,6049,0.84,0.88,6,81214,93
Beacon Falls,Town,2011,6038,0.61,0.66,6,80182,80
Beacon Falls,Town,2012,6065,0.71,0.53,6,79207,43
Beacon Falls,Town,2013,6052,0.79,0.5,6,85280,55
Beacon Falls,Town,2014,6055,0.61,0.55,6,92703,66
Beacon Falls,Town,2015,6081,0.67,0.72,6,83155,52
Berlin,Town,2010,19868,0.71,0.92,7,86211,360
Berlin,Town,2011,19881,0.7,1.05,7,87091,395
Berlin,LargeTown,2012,20463,0.71,1.04,7,85735,331
Berlin,LargeTown,2013,20590,0.74,0.96,7,87432,292
Berlin,LargeTown,2014,20610,0.67,1.01,7,102654,317
Berlin,LargeTown,2015,20560,0.62,0.99,7,87810,342
Bethany,Town,2010,5562,0.56,0.56,8,113720,42
Bethany,Town,2011,5554,0.67,0.58,8,106579,38
Bethany,Town,2012,5550,0.61,0.52,8,109564,48
Bethany,Town,2013,5540,0.78,0.65,8,100083,41
Bethany,Town,2014,5531,0.58,0.63,8,120961,30
Bethany,Town,2015,5510,0.76,0.56,8,97254,35
Bethel,Town,2010,18615,0.91,0.64,9,83483,202
Bethel,Town,2011,18771,0.89,0.6,9,87475,311
Bethel,Town,2012,19161,0.79,0.7,9,88024,332
Bethel,Town,2013,19264,0.74,0.62,9,85589,186
Bethel,Town,2014,19372,0.9,0.73,9,110523,169
Bethel,Town,2015,19529,0.93,0.8,9,92125,174
Bethlehem,Town,2010,3604,0.55,0.8,10,82899,20
Bethlehem,Town,2011,3586,0.61,0.56,10,86891,29
Bethlehem,Town,2012,3566,0.45,1.12,10,80884,20
Bethlehem,Town,2013,3553,0.76,0.84,10,83871,20
Bethlehem,Town,2014,3501,0.71,0.54,10,109332,17
Bethlehem,Town,2015,3473,0.66,0.49,10,84306,10
Bloomfield,LargeTown,2010,20489,0.99,1.25,11,68372,595
Bloomfield,LargeTown,2011,20502,0.81,1.34,11,72065,573
Bloomfield,LargeTown,2012,20602,0.87,1.23,11,71579,538
Bloomfield,LargeTown,2013,20673,0.7,1.28,11,73104,509
Bloomfield,LargeTown,2014,20819,0.94,1.29,11,95819,553
Bloomfield,LargeTown,2015,20749,0.75,1.19,11,72762,572
Bolton,Town,2010,4981,0.58,0.72,12,89432,37
Bolton,Town,2011,4974,0.7,0.7,12,93348,41
Bolton,Town,2012,4960,0.89,0.63,12,87885,33
Bolton,Town,2013,4948,0.79,0.73,12,86890,33
Bolton,Town,2014,4952,0.75,0.55,12,111812,19
Bolton,Town,2015,4947,0.75,0.44,12,97019,29
Bozrah,Town,2010,2626,0.72,0.8,13,75000,32
Bozrah,Town,2011,2622,0.72,1.11,13,81122,26
Bozrah,Town,2012,2638,0.68,0.68,13,83188,19
Bozrah,Town,2013,2639,0.87,0.68,13,78580,22
Bozrah,Town,2014,2622,0.88,1.11,13,87039,17
Bozrah,Town,2015,2603,0.81,1.19,13,77045,14
Branford,LargeTown,2010,28024,0.81,1.05,14,70640,848
Branford,LargeTown,2011,27980,0.74,1.08,14,71314,778
Branford,LargeTown,2012,28024,0.85,1.13,14,70075,699
Branford,LargeTown,2013,27988,0.89,1.15,14,70785,651
Branford,LargeTown,2014,28225,0.67,1.11,14,96954,688
Branford,LargeTown,2015,28145,0.78,1.18,14,71938,708
Bridgeport,City,2010,144463,1.51,0.67,15,41047,6095
Bridgeport,City,2011,145638,1.55,0.65,15,40947,7054
Bridgeport,City,2012,146425,1.45,0.67,15,39822,6913
Bridgeport,City,2013,147216,1.41,0.64,15,41050,5861
Bridgeport,City,2014,147612,1.44,0.69,15,55697,5623
Bridgeport,City,2015,147629,1.39,0.66,15,41801,4492
Bridgewater,Town,2010,1725,0.52,1.1,16,86607,15
Bridgewater,Town,2011,1716,0.23,1.22,16,85481,15
Bridgewater,Town,2012,1702,0.47,1.12,16,83750,12
Bridgewater,Town,2013,1696,0.18,0.59,16,87875,6
Bridgewater,Town,2014,1675,0.66,0.84,16,143748,8
Bridgewater,Town,2015,1659,0.18,1.02,16,98424,5
Bristol,LargeTown,2010,60484,1.1,0.88,17,58537,1535
Bristol,LargeTown,2011,60525,1.09,0.97,17,60032,1626
Bristol,LargeTown,2012,60603,1.08,0.94,17,58814,1687
Bristol,LargeTown,2013,60568,1.03,1,17,57610,1478
Bristol,LargeTown,2014,60570,1.1,1.01,17,73391,1582
Bristol,LargeTown,2015,60452,1.07,0.98,17,61478,1307
Brookfield,Town,2010,16478,0.81,0.59,18,109008,149
Brookfield,Town,2011,16617,0.77,0.64,18,108576,213
Brookfield,Town,2012,16783,0.66,0.69,18,111096,194
Brookfield,Town,2013,16860,0.65,0.68,18,107537,171
Brookfield,Town,2014,17055,0.66,0.8,18,134297,166
Brookfield,Town,2015,17143,0.8,0.57,18,112684,148
Brooklyn,Town,2010,8211,0.9,1.13,19,68851,88
Brooklyn,Town,2011,8192,0.98,0.95,19,66023,70
Brooklyn,Town,2012,8203,0.8,0.9,19,62857,84
Brooklyn,Town,2013,8280,0.77,0.86,19,59262,82
Brooklyn,Town,2014,8254,0.88,0.96,19,73429,154
Brooklyn,Town,2015,8259,0.62,0.96,19,60694,104
Burlington,Town,2010,9302,0.63,0.45,20,115341,61
Burlington,Town,2011,9309,0.75,0.49,20,114792,44
Burlington,Town,2012,9434,0.93,0.48,20,106756,64
Burlington,Town,2013,9494,0.65,0.46,20,105422,43
Burlington,Town,2014,9576,0.79,0.41,20,123187,37
Burlington,Town,2015,9623,0.71,0.55,20,113472,22
Canaan,Town,2010,1234,0.97,0.81,21,54219,13
Canaan,Town,2011,1227,0.73,0.98,21,56161,5
Canaan,Town,2012,1218,0.74,1.31,21,58021,10
Canaan,Town,2013,1214,0.33,1.4,21,65000,18
Canaan,Town,2014,1195,0.75,1.26,21,82618,8
Canaan,Town,2015,1185,0.42,1.18,21,72321,3
Canterbury,Town,2010,5133,0.64,0.74,22,70902,40
Canterbury,Town,2011,5119,0.86,0.68,22,73000,47
Canterbury,Town,2012,5106,0.92,0.63,22,66641,48
Canterbury,Town,2013,5096,0.86,0.73,22,73038,38
Canterbury,Town,2014,5088,0.96,0.83,22,85766,21
Canterbury,Town,2015,5089,0.67,0.77,22,83862,20
Canton,Town,2010,10294,0.8,0.73,23,87643,122
Canton,Town,2011,10300,0.77,0.72,23,82619,112
Canton,Town,2012,10351,0.75,0.91,23,86136,89
Canton,Town,2013,10357,0.72,0.79,23,87891,75
Canton,Town,2014,10345,0.67,0.73,23,122904,77
Canton,Town,2015,10330,0.51,0.63,23,87326,50
Chaplin,Town,2010,2305,1.21,0.65,24,62679,24
Chaplin,Town,2011,2298,0.83,0.44,24,67981,24
Chaplin,Town,2012,2286,0.52,0.61,24,75333,23
Chaplin,Town,2013,2276,0.79,0.7,24,75368,14
Chaplin,Town,2014,2262,0.75,1.06,24,92201,20
Chaplin,Town,2015,2255,0.31,1.02,24,67054,15
Cheshire,LargeTown,2010,29260,0.63,0.67,25,107936,336
Cheshire,LargeTown,2011,29216,0.59,0.66,25,109535,304
Cheshire,LargeTown,2012,29300,0.56,0.82,25,110587,276
Cheshire,LargeTown,2013,29150,0.63,0.73,25,111638,210
Cheshire,LargeTown,2014,29250,0.65,0.78,25,125801,251
Cheshire,LargeTown,2015,29262,0.57,0.89,25,106489,203
Chester,Town,2010,3992,0.65,1.4,26,80185,45
Chester,Town,2011,4003,0.7,1.27,26,80192,25
Chester,Town,2012,4245,0.59,1.04,26,79345,18
Chester,Town,2013,4343,0.62,1.15,26,74911,6
Chester,Town,2014,4316,0.46,1.2,26,92400,16
Chester,Town,2015,4277,0.56,1.15,26,78750,15
Clinton,Town,2010,13256,0.76,0.81,27,74174,410
Clinton,Town,2011,13290,0.74,0.77,27,75122,342
Clinton,Town,2012,13196,0.74,0.77,27,68225,335
Clinton,Town,2013,13180,0.72,0.69,27,71599,287
Clinton,Town,2014,13129,0.65,0.83,27,92400,282
Clinton,Town,2015,13047,0.72,0.91,27,71455,316
Colchester,Town,2010,16066,0.94,0.73,28,92431,184
Colchester,Town,2011,16034,0.85,0.71,28,95034,119
Colchester,Town,2012,16187,0.86,0.81,28,92522,146
Colchester,Town,2013,16210,0.68,0.77,28,96774,76
Colchester,Town,2014,16192,0.82,0.73,28,106553,70
Colchester,Town,2015,16130,0.79,0.69,28,97313,65
Colebrook,Town,2010,1484,0.81,0.81,29,72000,13
Colebrook,Town,2011,1476,0.61,0.95,29,71125,11
Colebrook,Town,2012,1461,0.41,0.55,29,71691,7
Colebrook,Town,2013,1457,0.55,0.69,29,79667,11
Colebrook,Town,2014,1445,0.55,0.76,29,91840,10
Colebrook,Town,2015,1436,0.49,0.77,29,81172,6
Columbia,Town,2010,5488,0.75,0.73,30,85893,54
Columbia,Town,2011,5477,0.91,0.68,30,91715,28
Columbia,Town,2012,5461,0.73,0.6,30,92973,36
Columbia,Town,2013,5460,0.59,0.84,30,90725,30
Columbia,Town,2014,5454,0.79,0.79,30,106607,28
Columbia,Town,2015,5434,0.72,0.63,30,89986,24
Cornwall,Town,2010,1419,0.92,0.63,31,80179,22
Cornwall,Town,2011,1412,0.28,1.13,31,75000,23
Cornwall,Town,2012,1399,0.36,0.79,31,78021,18
Cornwall,Town,2013,1412,0.28,0.85,31,67500,9
Cornwall,Town,2014,1398,0.14,0.57,31,108897,11
Cornwall,Town,2015,1387,0.29,0.94,31,75833,7
Coventry,Town,2010,12438,0.92,0.6,32,86244,174
Coventry,Town,2011,12418,0.87,0.59,32,90502,209
Coventry,Town,2012,12425,0.89,0.56,32,92308,174
Coventry,Town,2013,12411,0.77,0.6,32,93816,156
Coventry,Town,2014,12419,0.89,0.56,32,103876,144
Coventry,Town,2015,12438,0.99,0.55,32,90309,93
Cromwell,Town,2010,14001,1.08,1.01,33,82012,371
Cromwell,Town,2011,14037,1.05,1.09,33,80426,348
Cromwell,Town,2012,14217,1.1,1.06,33,80134,301
Cromwell,Town,2013,14178,0.99,0.97,33,75859,286
Cromwell,Town,2014,14113,0.97,1.18,33,97660,313
Cromwell,Town,2015,14034,0.97,1.05,33,82081,343
Danbury,LargeTown,2010,81023,1.41,0.61,34,65275,1631
Danbury,LargeTown,2011,81671,1.32,0.64,34,65656,1752
Danbury,LargeTown,2012,82807,1.32,0.58,34,66281,1671
Danbury,LargeTown,2013,83684,1.31,0.66,34,64969,1365
Danbury,LargeTown,2014,83784,1.23,0.62,34,84697,1507
Danbury,LargeTown,2015,84657,1.26,0.68,34,66676,1524
Darien,LargeTown,2010,20767,1.06,0.5,35,175766,146
Darien,LargeTown,2011,20942,1,0.48,35,193896,157
Darien,LargeTown,2012,21114,0.94,0.55,35,200724,102
Darien,LargeTown,2013,21330,0.9,0.42,35,205688,82
Darien,LargeTown,2014,21689,1.01,0.5,35,307100,196
Darien,LargeTown,2015,21787,0.96,0.54,35,208906,231
Deep River,Town,2010,4629,0.8,0.78,36,65250,58
Deep River,Town,2011,4639,0.82,0.91,36,76319,39
Deep River,Town,2012,4603,0.74,0.96,36,77625,31
Deep River,Town,2013,4589,0.59,0.65,36,71500,24
Deep River,Town,2014,4571,0.55,0.9,36,90052,19
Deep River,Town,2015,4516,0.71,0.82,36,69395,18
Derby,Town,2010,12901,0.91,1.06,37,52029,410
Derby,Town,2011,12882,1.04,1.13,37,55478,396
Derby,Town,2012,12830,0.99,0.88,37,54561,425
Derby,Town,2013,12801,1.2,1.09,37,53098,333
Derby,Town,2014,12768,0.97,0.97,37,66135,356
Derby,Town,2015,12700,1.02,1.02,37,51596,393
Durham,Town,2010,7386,0.7,0.62,38,105417,54
Durham,Town,2011,7403,0.76,0.73,38,106000,61
Durham,Town,2012,7368,0.64,0.64,38,109969,33
Durham,Town,2013,7361,0.8,0.65,38,124179,110
Durham,Town,2014,7348,0.64,0.54,38,140761,25
Durham,Town,2015,7301,0.6,0.7,38,113152,23
Eastford,Town,2010,1750,0.57,0.34,39,77596,52
Eastford,Town,2011,1744,1.03,0.52,39,73188,37
Eastford,Town,2012,1730,0.75,0.69,39,73074,48
Eastford,Town,2013,1736,1.38,0.81,39,71250,68
Eastford,Town,2014,1734,0.46,1.04,39,87572,59
Eastford,Town,2015,1750,0.8,0.57,39,72684,45
East Granby,Town,2010,5148,1.09,0.64,40,82695,126
East Granby,Town,2011,5152,1.05,0.8,40,87074,131
East Granby,Town,2012,5184,0.85,0.62,40,91146,125
East Granby,Town,2013,5212,1.04,0.79,40,89615,84
East Granby,Town,2014,5212,0.83,0.63,40,102752,61
East Granby,Town,2015,5199,0.79,0.58,40,82117,47
East Haddam,Town,2010,9123,0.89,0.64,41,88281,171
East Haddam,Town,2011,9146,0.72,0.51,41,91770,256
East Haddam,Town,2012,9158,0.78,0.6,41,93083,154
East Haddam,Town,2013,9147,0.79,0.77,41,94747,144
East Haddam,Town,2014,9127,0.9,0.78,41,111380,76
East Haddam,Town,2015,9081,0.91,0.66,41,96299,92
East Hampton,Town,2010,12954,1.09,0.64,42,48613,1756
East Hampton,Town,2011,12989,1.02,0.59,42,49611,1605
East Hampton,Town,2012,12940,0.83,0.76,42,48438,1804
East Hampton,Town,2013,12912,0.91,0.9,42,50400,1633
East Hampton,Town,2014,12874,0.79,0.7,42,62419,1376
East Hampton,Town,2015,12858,0.77,0.81,42,48369,1291
East Hartford,LargeTown,2010,51259,1.36,0.93,43,59918,1001
East Hartford,LargeTown,2011,51293,1.28,0.95,43,63136,863
East Hartford,LargeTown,2012,51272,1.35,0.93,43,63574,909
East Hartford,LargeTown,2013,51199,1.29,0.88,43,63673,785
East Hartford,LargeTown,2014,51033,1.32,0.83,43,76505,752
East Hartford,LargeTown,2015,50821,1.25,0.88,43,63120,713
East Haven,LargeTown,2010,29257,0.96,1.14,44,79815,209
East Haven,LargeTown,2011,29209,0.97,1.14,44,80293,192
East Haven,LargeTown,2012,29190,0.84,1.11,44,81599,175
East Haven,LargeTown,2013,29121,0.9,1.04,44,78257,212
East Haven,LargeTown,2014,29044,0.85,1.07,44,103335,159
East Haven,LargeTown,2015,28935,0.96,1.15,44,84029,157
East Lyme,Town,2010,19156,0.65,0.75,45,64301,336
East Lyme,Town,2011,19124,0.56,0.85,45,66699,315
East Lyme,Town,2012,18892,0.64,0.85,45,71310,363
East Lyme,Town,2013,18937,0.72,0.85,45,72785,343
East Lyme,Town,2014,19140,0.75,1.03,45,81514,427
East Lyme,Town,2015,19343,0.59,0.89,45,74798,336
Easton,Town,2010,7502,0.59,0.71,46,76786,10
Easton,Town,2011,7564,0.5,0.58,46,80147,6
Easton,Town,2012,7603,0.58,0.78,46,82885,6
Easton,Town,2013,7616,0.55,0.75,46,83015,16
Easton,Town,2014,7631,0.52,0.86,46,96232,12
Easton,Town,2015,7625,0.62,0.6,46,78466,9
East Windsor,Town,2010,11163,1.12,1.02,47,140370,35
East Windsor,Town,2011,11170,1.15,0.81,47,141372,27
East Windsor,Town,2012,11387,1.16,1.08,47,142434,40
East Windsor,Town,2013,11406,1.09,0.96,47,150000,31
East Windsor,Town,2014,11423,1.01,0.92,47,171108,31
East Windsor,Town,2015,11400,0.92,1.04,47,131189,24
Ellington,Town,2010,15607,1,0.51,48,81582,68
Ellington,Town,2011,15582,0.86,0.58,48,84758,82
Ellington,Town,2012,15779,0.87,0.52,48,84934,73
Ellington,Town,2013,15786,0.96,0.62,48,84699,70
Ellington,Town,2014,15795,0.9,0.6,48,101266,66
Ellington,Town,2015,15916,0.86,0.58,48,85545,68
Enfield,LargeTown,2010,44659,0.89,0.85,49,67402,955
Enfield,LargeTown,2011,44686,0.97,0.85,49,67809,856
Enfield,LargeTown,2012,44660,0.87,0.91,49,68356,850
Enfield,LargeTown,2013,44748,0.84,0.89,49,67191,907
Enfield,LargeTown,2014,44626,0.87,0.92,49,78786,813
Enfield,LargeTown,2015,44323,0.86,0.9,49,67377,844
Essex,Town,2010,6682,0.54,1.17,50,87480,41
Essex,Town,2011,6698,0.72,1.18,50,84095,44
Essex,Town,2012,6648,0.41,1.02,50,90242,31
Essex,Town,2013,6633,0.44,1.13,50,86298,21
Essex,Town,2014,6612,0.41,1.12,50,117320,26
Essex,Town,2015,6586,0.55,1.23,50,86376,27
Fairfield,LargeTown,2010,59496,0.87,0.85,51,113248,1083
Fairfield,LargeTown,2011,59961,0.84,0.81,51,118476,1159
Fairfield,LargeTown,2012,60450,0.78,0.81,51,119924,1336
Fairfield,LargeTown,2013,60855,0.83,0.82,51,117705,1179
Fairfield,LargeTown,2014,61347,0.91,0.77,51,173929,1203
Fairfield,LargeTown,2015,61523,0.83,0.78,51,122306,969
Farmington,LargeTown,2010,25343,0.78,0.9,52,85417,710
Farmington,LargeTown,2011,25361,0.81,1.07,52,86675,643
Farmington,LargeTown,2012,25529,0.81,0.96,52,88467,653
Farmington,LargeTown,2013,25613,0.64,0.91,52,88935,680
Farmington,LargeTown,2014,25627,0.84,0.91,52,133156,674
Farmington,LargeTown,2015,25629,0.8,0.97,52,91712,609
Franklin,Town,2010,1922,0.68,0.73,53,74226,46
Franklin,Town,2011,1917,0.78,0.47,53,78342,22
Franklin,Town,2012,1991,0.65,0.75,53,88333,27
Franklin,Town,2013,1987,0.65,1.16,53,89643,23
Franklin,Town,2014,1984,0.91,0.76,53,104890,8
Franklin,Town,2015,1975,0.66,0.41,53,87708,26
Glastonbury,LargeTown,2010,34432,0.73,0.75,54,102482,394
Glastonbury,LargeTown,2011,34454,0.71,0.74,54,104967,350
Glastonbury,LargeTown,2012,34698,0.67,0.74,54,106872,369
Glastonbury,LargeTown,2013,34768,0.72,0.71,54,106678,302
Glastonbury,LargeTown,2014,34754,0.7,0.73,54,145318,316
Glastonbury,LargeTown,2015,34678,0.71,0.87,54,109018,372
Goshen,Town,2010,2973,0.5,0.77,55,76705,17
Goshen,Town,2011,2957,0.44,0.85,55,83125,16
Goshen,Town,2012,2952,0.68,0.71,55,74333,15
Goshen,Town,2013,2945,0.58,0.71,55,79850,10
Goshen,Town,2014,2914,0.45,1.03,55,87828,10
Goshen,Town,2015,2904,0.52,0.86,55,92361,11
Granby,Town,2010,11284,0.61,0.66,56,97500,113
Granby,Town,2011,11291,0.7,0.73,56,99190,126
Granby,Town,2012,11316,0.71,0.77,56,97851,110
Granby,Town,2013,11323,0.52,0.67,56,97894,109
Granby,Town,2014,11310,0.64,0.84,56,142672,94
Granby,Town,2015,11298,0.73,0.75,56,102671,83
Greenwich,LargeTown,2010,61274,1.01,0.75,57,124958,598
Greenwich,LargeTown,2011,61782,1.04,0.69,57,127201,456
Greenwich,LargeTown,2012,62256,1.1,0.64,57,129588,391
Greenwich,LargeTown,2013,62396,0.98,0.66,57,132164,476
Greenwich,LargeTown,2014,62610,0.95,0.71,57,262067,496
Greenwich,LargeTown,2015,62695,0.89,0.72,57,128153,438
Griswold,Town,2010,11950,0.99,0.74,58,59295,120
Griswold,Town,2011,11925,0.99,0.7,58,66303,117
Griswold,Town,2012,11986,0.93,0.68,58,64574,137
Griswold,Town,2013,11959,0.98,0.66,58,59387,133
Griswold,Town,2014,11916,0.86,0.76,58,78550,128
Griswold,Town,2015,11830,0.85,0.74,58,59153,83
Groton,LargeTown,2010,40109,1.47,0.58,59,56904,735
Groton,LargeTown,2011,40038,1.48,0.7,59,59887,773
Groton,LargeTown,2012,39896,1.56,0.67,59,61966,868
Groton,LargeTown,2013,40176,1.43,0.69,59,60684,797
Groton,LargeTown,2014,40167,1.4,0.73,59,80077,803
Groton,LargeTown,2015,39692,1.27,0.71,59,62137,708
Guilford,LargeTown,2010,22375,0.68,0.71,60,98411,455
Guilford,LargeTown,2011,22340,0.51,0.71,60,95085,363
Guilford,LargeTown,2012,22403,0.58,0.71,60,95745,317
Guilford,LargeTown,2013,22417,0.54,0.79,60,96151,258
Guilford,LargeTown,2014,22413,0.55,0.74,60,132149,356
Guilford,LargeTown,2015,22350,0.55,0.8,60,99132,218
Haddam,Town,2010,8344,0.8,0.64,61,86179,60
Haddam,Town,2011,8364,0.84,0.63,61,87883,61
Haddam,Town,2012,8358,0.74,0.63,61,89184,68
Haddam,Town,2013,8363,0.75,0.6,61,93824,34
Haddam,Town,2014,8333,0.8,0.76,61,114451,42
Haddam,Town,2015,8292,0.8,0.82,61,99866,45
Hamden,LargeTown,2010,60957,1.02,0.94,62,66695,894
Hamden,LargeTown,2011,60868,1.05,1.02,62,67955,1545
Hamden,LargeTown,2012,60863,1.01,0.96,62,68462,1710
Hamden,LargeTown,2013,61607,0.94,0.91,62,68794,1671
Hamden,LargeTown,2014,61422,0.89,0.92,62,87591,1589
Hamden,LargeTown,2015,61218,0.92,1.01,62,70791,1525
Hampton,Town,2010,1864,0.86,0.64,63,79943,19
Hampton,Town,2011,1858,0.7,0.65,63,81307,8
Hampton,Town,2012,1869,0.54,0.59,63,75278,5
Hampton,Town,2013,1868,0.43,0.43,63,74559,17
Hampton,Town,2014,1859,0.81,0.59,63,94056,6
Hampton,Town,2015,1849,0.59,0.65,63,76625,15
Hartford,City,2010,124789,1.61,0.63,64,28970,7119
Hartford,City,2011,124867,1.58,0.66,64,29107,7141
Hartford,City,2012,124893,1.58,0.62,64,28931,6974
Hartford,City,2013,125017,1.52,0.62,64,29430,6509
Hartford,City,2014,124705,1.5,0.63,64,42759,6660
Hartford,City,2015,124006,1.48,0.72,64,30630,6888
Hartland,Town,2010,2115,0.76,0.38,65,85956,12
Hartland,Town,2011,2116,0.66,0.66,65,90278,7
Hartland,Town,2012,2132,0.56,0.56,65,91875,12
Hartland,Town,2013,2131,0.61,0.56,65,88362,2
Hartland,Town,2014,2129,0.85,0.61,65,102563,2
Hartland,Town,2015,2127,0.47,0.61,65,91964,8
Harwinton,Town,2010,5638,0.59,0.71,66,85253,34
Harwinton,Town,2011,5608,0.62,0.7,66,85920,50
Harwinton,Town,2012,5600,0.61,0.59,66,89429,41
Harwinton,Town,2013,5593,0.72,0.88,66,89102,34
Harwinton,Town,2014,5531,0.43,0.81,66,120214,50
Harwinton,Town,2015,5493,0.64,0.66,66,91875,30
Hebron,Town,2010,9690,0.75,0.39,67,108444,78
Hebron,Town,2011,9673,0.74,0.48,67,107807,50
Hebron,Town,2012,9624,0.64,0.54,67,114286,60
Hebron,Town,2013,9588,0.7,0.5,67,111792,39
Hebron,Town,2014,9564,0.69,0.51,67,119638,32
Hebron,Town,2015,9552,0.57,0.49,67,105104,25
Kent,Town,2010,2977,0.6,1.04,68,68481,28
Kent,Town,2011,2961,0.44,1.28,68,71736,41
Kent,Town,2012,2951,0.85,1.15,68,66641,39
Kent,Town,2013,2939,0.51,1.05,68,64038,26
Kent,Town,2014,2910,0.62,1.34,68,95315,5
Kent,Town,2015,2869,0.45,1.05,68,60714,13
Killingly,Town,2010,17374,1.13,0.93,69,53192,215
Killingly,Town,2011,17330,1.08,0.91,69,54446,180
Killingly,Town,2012,17269,1.12,0.97,69,55598,209
Killingly,Town,2013,17233,1.18,0.89,69,57205,213
Killingly,Town,2014,17172,1.1,0.94,69,66753,210
Killingly,Town,2015,17131,1.08,1.22,69,55764,155
Killingworth,Town,2010,6523,0.64,0.64,70,99500,31
Killingworth,Town,2011,6540,0.55,0.75,70,105764,32
Killingworth,Town,2012,6504,0.62,0.57,70,106964,28
Killingworth,Town,2013,6490,0.43,0.65,70,112761,14
Killingworth,Town,2014,6490,0.48,0.66,70,128462,26
Killingworth,Town,2015,6455,0.81,0.76,70,112137,25
Lebanon,Town,2010,7306,0.83,0.68,71,72431,64
Lebanon,Town,2011,7292,0.67,0.74,71,80601,55
Lebanon,Town,2012,7326,0.85,0.81,71,81120,42
Lebanon,Town,2013,7319,0.67,0.74,71,83651,40
Lebanon,Town,2014,7309,0.78,0.63,71,100065,36
Lebanon,Town,2015,7259,0.7,0.81,71,89375,43
Ledyard,Town,2010,15050,1.08,0.43,72,85321,153
Ledyard,Town,2011,15019,1.13,0.62,72,87344,133
Ledyard,Town,2012,15077,0.86,0.55,72,88057,129
Ledyard,Town,2013,15094,1.02,0.63,72,87518,159
Ledyard,Town,2014,15121,1.1,0.64,72,102930,152
Ledyard,Town,2015,15025,1.02,0.74,72,84825,77
Lisbon,Town,2010,4338,0.69,0.51,73,77872,106
Lisbon,Town,2011,4330,0.72,0.85,73,74190,143
Lisbon,Town,2012,4355,0.64,0.8,73,80539,141
Lisbon,Town,2013,4348,0.51,0.92,73,80129,136
Lisbon,Town,2014,4342,0.62,0.76,73,94059,157
Lisbon,Town,2015,4310,0.74,0.86,73,81200,85
Litchfield,Town,2010,8457,0.59,0.97,74,78750,84
Litchfield,Town,2011,8417,0.68,1.05,74,82155,73
Litchfield,Town,2012,8353,0.51,1.05,74,84063,91
Litchfield,Town,2013,8333,0.62,1.28,74,86801,73
Litchfield,Town,2014,8264,0.64,0.9,74,108144,82
Litchfield,Town,2015,8212,0.63,1.24,74,82361,70
Lyme,Town,2010,2405,0.21,0.62,75,88500,15
Lyme,Town,2011,2401,0.5,0.83,75,91522,16
Lyme,Town,2012,2403,0.5,1.04,75,86250,19
Lyme,Town,2013,2401,0.46,1.33,75,85263,11
Lyme,Town,2014,2389,0.59,0.88,75,116545,16
Lyme,Town,2015,2374,0.72,1.1,75,81650,16
Madison,Town,2010,18267,0.47,0.78,76,108175,230
Madison,Town,2011,18239,0.61,0.77,76,106609,129
Madison,Town,2012,18291,0.46,0.8,76,107062,118
Madison,Town,2013,18297,0.45,0.85,76,110761,113
Madison,Town,2014,18259,0.54,0.87,76,143342,122
Madison,Town,2015,18223,0.52,0.82,76,107183,58
Manchester,LargeTown,2010,58249,1.38,0.76,77,61571,1978
Manchester,LargeTown,2011,58287,1.4,0.88,77,62436,1850
Manchester,LargeTown,2012,58289,1.28,0.77,77,63656,1908
Manchester,LargeTown,2013,58211,1.31,0.85,77,63274,1606
Manchester,LargeTown,2014,58106,1.35,0.88,77,77191,1692
Manchester,LargeTown,2015,58007,1.34,0.83,77,63158,1678
Mansfield,LargeTown,2010,26546,0.37,0.45,78,65839,186
Mansfield,LargeTown,2011,26524,0.36,0.35,78,70208,205
Mansfield,LargeTown,2012,25648,0.3,0.39,78,67615,295
Mansfield,LargeTown,2013,25774,0.34,0.38,78,66143,229
Mansfield,LargeTown,2014,25977,0.29,0.34,78,84113,166
Mansfield,LargeTown,2015,26043,0.33,0.39,78,60263,143
Marlborough,Town,2010,6406,0.72,0.8,79,108232,72
Marlborough,Town,2011,6410,0.5,0.59,79,112665,34
Marlborough,Town,2012,6433,0.73,0.85,79,110718,34
Marlborough,Town,2013,6431,0.64,0.79,79,110694,29
Marlborough,Town,2014,6430,0.76,0.86,79,115765,22
Marlborough,Town,2015,6430,0.67,0.64,79,108698,25
Meriden,LargeTown,2010,60866,1.29,0.77,80,53873,1981
Meriden,LargeTown,2011,60770,1.3,0.9,80,53722,1865
Meriden,LargeTown,2012,60638,1.29,0.9,80,53831,2034
Meriden,LargeTown,2013,60456,1.26,0.81,80,52590,1678
Meriden,LargeTown,2014,60293,1.23,0.89,80,66365,1595
Meriden,LargeTown,2015,59988,1.21,0.95,80,54588,1637
Middlebury,Town,2010,7575,0.81,0.84,81,100866,99
Middlebury,Town,2011,7563,0.73,0.81,81,99679,85
Middlebury,Town,2012,7572,0.71,0.79,81,97996,74
Middlebury,Town,2013,7571,0.7,0.77,81,96181,69
Middlebury,Town,2014,7591,0.8,0.91,81,113127,60
Middlebury,Town,2015,7634,0.67,1.11,81,97756,65
Middlefield,Town,2010,4423,0.75,0.72,82,80392,46
Middlefield,Town,2011,4436,0.72,0.77,82,81638,36
Middlefield,Town,2012,4416,0.41,0.72,82,87463,21
Middlefield,Town,2013,4425,0.77,0.99,82,96765,35
Middlefield,Town,2014,4424,0.63,0.75,82,108560,24
Middlefield,Town,2015,4407,0.7,0.98,82,102426,32
Middletown,LargeTown,2010,47636,1.13,0.83,83,57655,1202
Middletown,LargeTown,2011,47749,1.1,0.85,83,59966,1101
Middletown,LargeTown,2012,47325,1.17,0.88,83,60542,972
Middletown,LargeTown,2013,47333,1.14,0.93,83,59994,885
Middletown,LargeTown,2014,47043,1.11,0.85,83,81172,940
Middletown,LargeTown,2015,46756,1.06,0.92,83,63691,790
Milford,LargeTown,2010,52757,0.89,0.98,84,76973,1683
Milford,LargeTown,2011,52675,0.91,0.93,84,79828,1788
Milford,LargeTown,2012,52981,0.83,0.91,84,79531,1632
Milford,LargeTown,2013,53137,0.8,0.91,84,80460,1597
Milford,LargeTown,2014,53358,0.9,0.99,84,99259,1422
Milford,LargeTown,2015,53592,0.79,0.94,84,80247,1385
Monroe,Town,2010,19512,0.71,0.63,85,109727,143
Monroe,Town,2011,19675,0.71,0.62,85,108478,188
Monroe,Town,2012,19794,0.65,0.67,85,112605,162
Monroe,Town,2013,19834,0.77,0.75,85,103589,169
Monroe,Town,2014,19867,0.74,0.57,85,143010,163
Monroe,Town,2015,19833,0.72,0.61,85,110558,126
Montville,Town,2010,19568,0.84,0.73,86,65349,129
Montville,Town,2011,19533,0.9,0.65,86,67734,148
Montville,Town,2012,19686,0.89,0.89,86,67262,243
Montville,Town,2013,19713,0.74,0.82,86,68298,210
Montville,Town,2014,19635,0.8,0.89,86,79960,170
Montville,Town,2015,19396,0.96,0.87,86,70036,141
Morris,Town,2010,2387,0.92,1.09,87,81583,14
Morris,Town,2011,2373,0.63,1.1,87,87974,17
Morris,Town,2012,2356,0.68,0.51,87,89688,17
Morris,Town,2013,2345,0.6,0.72,87,83958,12
Morris,Town,2014,2314,0.65,0.99,87,95470,14
Morris,Town,2015,2293,0.44,1.09,87,83750,19
Naugatuck,LargeTown,2010,31861,1.1,0.78,88,59393,665
Naugatuck,LargeTown,2011,31810,1.19,0.81,88,63414,643
Naugatuck,LargeTown,2012,31774,1.13,0.79,88,62574,662
Naugatuck,LargeTown,2013,31707,1.15,0.83,88,59056,806
Naugatuck,LargeTown,2014,31659,1.09,0.76,88,77141,644
Naugatuck,LargeTown,2015,31538,1.06,0.93,88,58078,590
New Britain,LargeTown,2010,73215,1.51,0.92,89,39706,3360
New Britain,LargeTown,2011,73261,1.36,0.89,89,39838,3295
New Britain,LargeTown,2012,73153,1.43,0.91,89,39898,3234
New Britain,LargeTown,2013,72939,1.41,0.92,89,40294,2525
New Britain,LargeTown,2014,72878,1.36,0.89,89,52689,2439
New Britain,LargeTown,2015,72808,1.43,0.92,89,40457,2366
New Canaan,Town,2010,19770,0.72,0.6,90,179338,138
New Canaan,Town,2011,19938,0.87,0.61,90,191750,113
New Canaan,LargeTown,2012,20110,0.71,0.51,90,167037,136
New Canaan,LargeTown,2013,20194,0.72,0.52,90,161848,127
New Canaan,LargeTown,2014,20314,0.7,0.58,90,300285,131
New Canaan,LargeTown,2015,20387,0.66,0.62,90,168311,149
New Fairfield,Town,2010,13905,0.84,0.48,91,101067,70
New Fairfield,Town,2011,14020,0.73,0.53,91,102159,48
New Fairfield,Town,2012,14112,0.71,0.55,91,98209,34
New Fairfield,Town,2013,14145,0.6,0.57,91,103100,45
New Fairfield,Town,2014,14149,0.62,0.57,91,123933,36
New Fairfield,Town,2015,14126,0.67,0.59,91,101273,21
New Hartford,Town,2010,6963,0.89,0.62,92,80718,40
New Hartford,Town,2011,6929,0.75,0.59,92,84297,49
New Hartford,Town,2012,6903,0.72,0.75,92,85598,61
New Hartford,Town,2013,6886,0.64,0.46,92,86354,52
New Hartford,Town,2014,6812,0.69,0.65,92,96074,61
New Hartford,Town,2015,6764,0.55,0.68,92,87596,31
New Haven,City,2010,129774,1.54,0.67,93,38963,9278
New Haven,City,2011,129585,1.49,0.65,93,39094,8295
New Haven,City,2012,130741,1.46,0.63,93,38482,8500
New Haven,City,2013,130660,1.44,0.65,93,37428,7769
New Haven,City,2014,130282,1.4,0.63,93,57862,6553
New Haven,City,2015,130322,1.34,0.62,93,37192,6496
Newington,LargeTown,2010,30565,0.81,0.96,94,43551,1195
Newington,LargeTown,2011,30586,0.96,1.05,94,45509,1143
Newington,LargeTown,2012,30602,0.82,0.9,94,44106,1130
Newington,LargeTown,2013,30756,0.79,0.96,94,43307,1086
Newington,LargeTown,2014,30685,0.94,0.96,94,54529,1013
Newington,LargeTown,2015,30604,0.86,1.05,94,36250,795
New London,LargeTown,2010,27617,1.23,0.76,95,84824,418
New London,LargeTown,2011,27569,1.39,0.74,95,84818,606
New London,LargeTown,2012,27707,1.22,0.82,95,84110,429
New London,LargeTown,2013,27545,1.39,0.8,95,80792,384
New London,LargeTown,2014,27374,1.26,0.78,95,99314,401
New London,LargeTown,2015,27179,1.23,0.82,95,78343,403
New Milford,LargeTown,2010,28115,0.85,0.67,96,69085,846
New Milford,LargeTown,2011,27972,0.97,0.65,96,71817,779
New Milford,LargeTown,2012,27835,0.86,0.68,96,75237,812
New Milford,LargeTown,2013,27767,0.92,0.75,96,77368,748
New Milford,LargeTown,2014,27474,0.86,0.72,96,87593,770
New Milford,LargeTown,2015,27276,0.92,0.74,96,79960,890
Newtown,LargeTown,2010,27606,0.72,0.57,97,108148,225
Newtown,LargeTown,2011,27829,0.61,0.62,97,114695,209
Newtown,LargeTown,2012,28042,0.6,0.78,97,116024,196
Newtown,LargeTown,2013,28113,0.59,0.63,97,109159,129
Newtown,LargeTown,2014,28152,0.62,0.63,97,139282,188
Newtown,LargeTown,2015,28022,0.71,0.68,97,111022,166
Norfolk,Town,2010,1707,0.59,0.41,98,85526,14
Norfolk,Town,2011,1698,0.41,0.77,98,82250,18
Norfolk,Town,2012,1685,0.36,0.71,98,78214,13
Norfolk,Town,2013,1678,0.72,0.77,98,71538,23
Norfolk,Town,2014,1655,0.3,0.91,98,101838,10
Norfolk,Town,2015,1643,0.55,1.22,98,72875,9
North Branford,Town,2010,14407,0.72,0.9,99,80618,288
North Branford,Town,2011,14383,0.71,1.03,99,78720,249
North Branford,Town,2012,14379,0.7,0.95,99,82460,207
North Branford,Town,2013,14353,0.59,0.96,99,84783,177
North Branford,Town,2014,14322,0.75,0.94,99,105592,195
North Branford,Town,2015,14263,0.73,0.98,99,84697,185
North Canaan,Town,2010,3311,0.88,1.45,100,46417,43
North Canaan,Town,2011,3295,0.82,2.09,100,45139,25
North Canaan,Town,2012,3259,0.83,1.9,100,45992,41
North Canaan,Town,2013,3241,0.59,1.82,100,49746,43
North Canaan,Town,2014,3214,0.59,1.71,100,67267,41
North Canaan,Town,2015,3194,0.94,1.94,100,69231,35
North Haven,LargeTown,2010,24091,0.66,0.93,101,83588,621
North Haven,LargeTown,2011,24054,0.78,0.88,101,81789,650
North Haven,LargeTown,2012,24033,0.75,0.95,101,83089,590
North Haven,LargeTown,2013,23939,0.73,1.09,101,86250,491
North Haven,LargeTown,2014,23909,0.77,0.92,101,104286,577
North Haven,LargeTown,2015,23828,0.79,1.05,101,86340,673
North Stoningto,Town,2010,5295,0.77,0.83,102,88869,68
North Stoningto,Town,2011,5287,0.91,0.78,102,81905,73
North Stoningto,Town,2012,5303,0.85,0.68,102,81434,73
North Stoningto,Town,2013,5291,0.76,0.95,102,82900,58
North Stoningto,Town,2014,5288,0.93,0.74,102,91390,60
North Stoningto,Town,2015,5256,0.57,0.7,102,75954,25
Norwalk,LargeTown,2010,85746,1.4,0.65,103,76161,2230
Norwalk,LargeTown,2011,86460,1.39,0.63,103,76384,2255
Norwalk,LargeTown,2012,87190,1.35,0.6,103,75446,1987
Norwalk,LargeTown,2013,87776,1.31,0.62,103,74728,1969
Norwalk,LargeTown,2014,88145,1.3,0.6,103,104797,1866
Norwalk,LargeTown,2015,88485,1.3,0.64,103,76987,1872
Norwich,LargeTown,2010,40488,1.2,0.85,104,52186,1115
Norwich,LargeTown,2011,40408,1.34,0.95,104,51225,989
Norwich,LargeTown,2012,40502,1.29,0.9,104,51304,1062
Norwich,LargeTown,2013,40347,1.22,0.92,104,48597,1132
Norwich,LargeTown,2014,40178,1.26,0.86,104,65335,1001
Norwich,LargeTown,2015,39899,1.28,0.89,104,50078,752
Old Lyme,Town,2010,7603,0.64,1.07,105,92024,53
Old Lyme,Town,2011,7587,0.49,0.88,105,93682,48
Old Lyme,Town,2012,7592,0.67,0.76,105,92175,45
Old Lyme,Town,2013,7592,0.38,0.83,105,87416,52
Old Lyme,Town,2014,7575,0.34,0.77,105,116484,33
Old Lyme,Town,2015,7521,0.47,1.01,105,87025,53
Old Saybrook,Town,2010,10238,0.63,1.5,106,79985,311
Old Saybrook,Town,2011,10265,0.61,1.39,106,80347,178
Old Saybrook,Town,2012,10238,0.58,1.27,106,78227,176
Old Saybrook,Town,2013,10246,0.46,1.5,106,75549,120
Old Saybrook,Town,2014,10217,0.64,1.34,106,105355,169
Old Saybrook,Town,2015,10160,0.28,1.26,106,71796,124
Orange,Town,2010,13956,0.58,0.98,107,102255,401
Orange,Town,2011,13933,0.7,0.95,107,104335,412
Orange,Town,2012,13935,0.68,0.88,107,106372,383
Orange,Town,2013,13953,0.73,1.05,107,106942,339
Orange,Town,2014,13955,0.74,1.02,107,138942,364
Orange,Town,2015,13944,0.7,0.83,107,107047,398
Oxford,Town,2010,12682,0.82,0.6,108,107500,93
Oxford,Town,2011,12662,0.81,0.58,108,111122,68
Oxford,Town,2012,12819,0.69,0.75,108,107308,80
Oxford,Town,2013,12874,0.69,0.55,108,102167,60
Oxford,Town,2014,12914,0.66,0.6,108,117567,54
Oxford,Town,2015,13013,0.76,0.64,108,97296,73
Plainfield,Town,2010,15410,0.99,0.82,109,61500,62
Plainfield,Town,2011,15369,1.11,0.88,109,61058,57
Plainfield,Town,2012,15267,1.08,0.87,109,62775,135
Plainfield,Town,2013,15228,1.04,0.91,109,62708,149
Plainfield,Town,2014,15135,0.97,0.95,109,69431,142
Plainfield,Town,2015,15077,1.01,0.85,109,60673,110
Plainville,Town,2010,17718,0.85,0.94,110,63447,650
Plainville,Town,2011,17730,1.07,0.98,110,61489,605
Plainville,Town,2012,17819,0.92,0.91,110,61766,709
Plainville,Town,2013,17820,0.93,0.91,110,60630,529
Plainville,Town,2014,17801,0.8,0.85,110,70796,516
Plainville,Town,2015,17773,0.87,0.88,110,58500,509
Plymouth,Town,2010,12232,1.02,0.78,111,71630,286
Plymouth,Town,2011,12169,0.87,0.82,111,74317,171
Plymouth,Town,2012,12089,0.83,0.98,111,73603,218
Plymouth,Town,2013,12047,0.75,0.92,111,70273,213
Plymouth,Town,2014,11914,0.65,0.83,111,78037,179
Plymouth,Town,2015,11813,0.87,0.91,111,70167,195
Pomfret,Town,2010,4249,1.04,0.66,112,68278,37
Pomfret,Town,2011,4236,0.52,0.68,112,77422,21
Pomfret,Town,2012,4217,0.55,0.59,112,82661,23
Pomfret,Town,2013,4198,0.57,0.55,112,84918,50
Pomfret,Town,2014,4179,0.72,0.74,112,115309,23
Pomfret,Town,2015,4163,0.43,0.6,112,91053,14
Portland,Town,2010,9506,0.92,0.81,113,86661,83
Portland,Town,2011,9530,0.72,1.11,113,93438,89
Portland,Town,2012,9472,1.06,0.79,113,92344,86
Portland,Town,2013,9456,0.68,0.99,113,88693,53
Portland,Town,2014,9444,1.06,0.88,113,102054,66
Portland,Town,2015,9391,0.79,0.84,113,90417,75
Preston,Town,2010,4725,0.83,0.78,114,77377,59
Preston,Town,2011,4716,0.53,0.93,114,78250,37
Preston,Town,2012,4753,0.82,0.95,114,76296,39
Preston,Town,2013,4755,0.72,0.61,114,74141,56
Preston,Town,2014,4748,0.74,0.76,114,80884,32
Preston,Town,2015,4707,0.66,1.08,114,69275,32
Prospect,Town,2010,9404,0.68,0.88,115,86526,79
Prospect,Town,2011,9390,0.68,0.83,115,93631,70
Prospect,Town,2012,9642,0.8,0.86,115,95325,69
Prospect,Town,2013,9671,0.71,0.64,115,98151,106
Prospect,Town,2014,9723,0.79,0.96,115,109505,80
Prospect,Town,2015,9739,0.69,1.11,115,102397,92
Putnam,Town,2010,9587,1.07,1.07,116,51180,264
Putnam,Town,2011,9562,1.04,1.19,116,51171,259
Putnam,Town,2012,9491,1.35,0.98,116,46440,273
Putnam,Town,2013,9465,1.26,0.97,116,46627,247
Putnam,Town,2014,9416,1.01,1.06,116,58240,261
Putnam,Town,2015,9372,1.15,1.2,116,51621,190
Redding,Town,2010,9173,0.58,0.85,117,130557,75
Redding,Town,2011,9250,0.63,0.81,117,113697,62
Redding,Town,2012,9299,0.47,0.88,117,120223,59
Redding,Town,2013,9312,0.43,0.95,117,119112,47
Redding,Town,2014,9309,0.6,0.83,117,157283,45
Redding,Town,2015,9293,0.62,0.82,117,121270,64
Ridgefield,LargeTown,2010,24679,0.68,0.51,118,132907,90
Ridgefield,LargeTown,2011,24885,0.69,0.54,118,145000,69
Ridgefield,LargeTown,2012,25045,0.61,0.71,118,148104,89
Ridgefield,LargeTown,2013,25164,0.7,0.65,118,147993,76
Ridgefield,LargeTown,2014,25205,0.56,0.62,118,212297,66
Ridgefield,LargeTown,2015,25244,0.61,0.61,118,145902,108
Rocky Hill,Town,2010,19712,0.95,0.97,119,72417,300
Rocky Hill,Town,2011,19723,0.97,1.23,119,75582,272
Rocky Hill,Town,2012,19729,0.93,1.22,119,76128,279
Rocky Hill,Town,2013,19915,0.9,0.96,119,77560,307
Rocky Hill,LargeTown,2014,20094,1.07,1.18,119,102829,379
Rocky Hill,LargeTown,2015,20021,0.98,1.08,119,81576,353
Roxbury,Town,2010,2259,0.62,0.66,120,97768,11
Roxbury,Town,2011,2249,0.71,0.93,120,98833,19
Roxbury,Town,2012,2237,0.31,0.72,120,97031,18
Roxbury,Town,2013,2229,0.45,0.58,120,90250,13
Roxbury,Town,2014,2201,0.36,0.59,120,144745,12
Roxbury,Town,2015,2187,0.5,0.59,120,96875,13
Salem,Town,2010,4151,0.82,0.55,121,95000,43
Salem,Town,2011,4142,0.65,0.48,121,97424,24
Salem,Town,2012,4188,0.88,0.64,121,100375,44
Salem,Town,2013,4201,0.6,0.5,121,100625,28
Salem,Town,2014,4184,1.1,0.33,121,118023,30
Salem,Town,2015,4183,0.81,0.41,121,105326,19
Salisbury,Town,2010,3738,0.62,1.63,122,63587,45
Salisbury,Town,2011,3720,0.59,1.4,122,70250,31
Salisbury,Town,2012,3701,0.46,1.38,122,65625,32
Salisbury,Town,2013,3693,0.49,1.19,122,68094,36
Salisbury,Town,2014,3665,0.57,1.8,122,136004,30
Salisbury,Town,2015,3638,0.66,1.32,122,82794,14
Scotland,Town,2010,1727,1.04,0.46,123,75417,13
Scotland,Town,2011,1722,0.75,0.58,123,77143,12
Scotland,Town,2012,1710,0.88,0.23,123,77634,15
Scotland,Town,2013,1699,1,0.82,123,78250,19
Scotland,Town,2014,1694,0.59,0.3,123,85110,8
Scotland,Town,2015,1686,0.83,0.47,123,79896,10
Seymour,Town,2010,16540,0.8,0.98,124,71719,209
Seymour,Town,2011,16514,0.9,0.96,124,75482,251
Seymour,Town,2012,16561,0.88,0.91,124,73099,177
Seymour,Town,2013,16571,1.03,1.01,124,75426,246
Seymour,Town,2014,16537,0.89,0.89,124,88492,173
Seymour,Town,2015,16475,1.1,1.05,124,76991,175
Sharon,Town,2010,2780,0.47,1.62,125,70104,33
Sharon,Town,2011,2766,0.51,1.34,125,73661,19
Sharon,Town,2012,2747,0.47,1.27,125,76117,21
Sharon,Town,2013,2743,0.47,1.02,125,74083,18
Sharon,Town,2014,2725,0.48,1.47,125,117157,18
Sharon,Town,2015,2706,0.22,1.22,125,74625,11
Shelton,LargeTown,2010,39626,0.81,0.9,126,80656,521
Shelton,LargeTown,2011,39954,0.84,0.96,126,83128,552
Shelton,LargeTown,2012,40261,0.76,1.03,126,83755,457
Shelton,LargeTown,2013,40999,0.84,0.95,126,86138,464
Shelton,LargeTown,2014,41295,0.78,1.02,126,106649,414
Shelton,LargeTown,2015,41296,0.77,0.95,126,86870,456
Sherman,Town,2010,3586,0.56,0.47,127,115417,23
Sherman,Town,2011,3618,0.41,0.47,127,120458,19
Sherman,Town,2012,3648,0.49,0.58,127,118750,19
Sherman,Town,2013,3670,0.38,0.54,127,112344,3
Sherman,Town,2014,3671,0.41,0.79,127,159155,10
Sherman,Town,2015,3668,0.55,0.71,127,108398,7
Simsbury,LargeTown,2010,23514,0.71,0.78,128,113224,188
Simsbury,LargeTown,2011,23528,0.75,0.82,128,116554,189
Simsbury,LargeTown,2012,23620,0.69,0.69,128,117577,192
Simsbury,LargeTown,2013,23824,0.7,0.66,128,115000,166
Simsbury,LargeTown,2014,23975,0.75,0.76,128,146756,176
Simsbury,LargeTown,2015,24348,0.8,0.79,128,113355,139
Somers,Town,2010,11448,0.55,0.68,129,98977,107
Somers,Town,2011,11433,0.46,0.63,129,100573,68
Somers,Town,2012,11451,0.52,0.56,129,100100,54
Somers,Town,2013,11320,0.43,0.5,129,98846,44
Somers,Town,2014,11303,0.58,0.69,129,109664,45
Somers,Town,2015,11432,0.52,0.67,129,95605,38
Southbury,Town,2010,19903,0.56,1.36,130,88350,412
Southbury,Town,2011,19873,0.55,1.38,130,92513,442
Southbury,Town,2012,19877,0.49,1.36,130,91519,381
Southbury,Town,2013,19859,0.51,1.64,130,90499,400
Southbury,Town,2014,19881,0.44,1.64,130,117942,360
Southbury,Town,2015,19675,0.47,1.74,130,97389,301
Southington,LargeTown,2010,43074,0.81,0.88,131,68041,219
Southington,LargeTown,2011,43103,0.8,0.99,131,72177,203
Southington,LargeTown,2012,43434,0.74,0.83,131,67195,182
Southington,LargeTown,2013,43661,0.76,0.92,131,73341,185
Southington,LargeTown,2014,43815,0.83,1,131,105257,174
Southington,LargeTown,2015,43817,0.87,0.95,131,84058,187
South Windsor,LargeTown,2010,25713,0.86,0.75,132,77673,762
South Windsor,LargeTown,2011,25729,0.72,0.88,132,77112,801
South Windsor,LargeTown,2012,25835,0.85,0.81,132,78668,783
South Windsor,LargeTown,2013,25846,0.79,0.81,132,80029,836
South Windsor,LargeTown,2014,25823,0.77,0.85,132,97633,859
South Windsor,LargeTown,2015,25789,0.81,0.85,132,82704,765
Sprague,Town,2010,2983,0.87,0.74,133,68241,33
Sprague,Town,2011,2978,1.01,0.94,133,63155,35
Sprague,Town,2012,2988,1.14,0.7,133,67415,36
Sprague,Town,2013,2979,1.17,0.44,133,66622,33
Sprague,Town,2014,2980,1.11,0.54,133,72752,28
Sprague,Town,2015,2951,1.25,0.81,133,64063,23
Stafford,Town,2010,12092,0.9,0.93,134,64494,82
Stafford,Town,2011,12072,0.91,0.88,134,65570,95
Stafford,Town,2012,11987,0.79,0.92,134,63672,88
Stafford,Town,2013,11928,0.7,0.83,134,61959,76
Stafford,Town,2014,11881,0.88,0.81,134,73805,69
Stafford,Town,2015,11837,0.92,0.93,134,62371,56
Stamford,City,2010,122848,1.57,0.67,135,75579,2330
Stamford,City,2011,123868,1.43,0.65,135,78201,2390
Stamford,City,2012,125109,1.46,0.62,135,76797,2283
Stamford,City,2013,126456,1.46,0.59,135,76779,2279
Stamford,City,2014,128278,1.44,0.62,135,120782,2369
Stamford,City,2015,128874,1.45,0.64,135,79359,2180
Sterling,Town,2010,3832,1.15,0.57,136,64500,40
Sterling,Town,2011,3820,0.92,0.68,136,75000,37
Sterling,Town,2012,3799,0.92,0.47,136,67794,40
Sterling,Town,2013,3780,0.93,0.4,136,68833,31
Sterling,Town,2014,3773,0.85,0.48,136,81959,22
Sterling,Town,2015,3764,0.82,0.69,136,72220,19
Stonington,Town,2010,18543,0.61,1.3,137,72445,274
Stonington,Town,2011,18506,0.76,1.33,137,75972,330
Stonington,Town,2012,18556,0.65,1.53,137,80666,347
Stonington,Town,2013,18541,0.59,1.44,137,81026,413
Stonington,Town,2014,18512,0.83,1.56,137,103315,339
Stonington,Town,2015,18370,0.61,1.54,137,77295,288
Stratford,LargeTown,2010,51470,1.03,0.96,138,67530,1494
Stratford,LargeTown,2011,51901,1.07,1.05,138,67761,1711
Stratford,LargeTown,2012,52077,0.99,1.02,138,67375,1524
Stratford,LargeTown,2013,52112,1.01,1.1,138,66361,1504
Stratford,LargeTown,2014,52734,0.93,0.96,138,85900,1380
Stratford,LargeTown,2015,52609,0.95,1.08,138,66886,1300
Suffield,Town,2010,15739,0.54,0.85,139,90023,124
Suffield,Town,2011,15747,0.58,0.81,139,89802,102
Suffield,Town,2012,15868,0.47,0.77,139,92019,154
Suffield,Town,2013,15788,0.73,0.97,139,92737,110
Suffield,Town,2014,15814,0.7,0.97,139,122711,85
Suffield,Town,2015,15662,0.68,0.84,139,99707,100
Thomaston,Town,2010,7880,0.91,0.75,140,63990,136
Thomaston,Town,2011,7838,0.75,0.73,140,64982,135
Thomaston,Town,2012,7788,0.69,0.96,140,67426,143
Thomaston,Town,2013,7761,0.72,0.88,140,76692,114
Thomaston,Town,2014,7683,0.79,0.85,140,83023,90
Thomaston,Town,2015,7621,0.76,0.93,140,67191,82
Thompson,Town,2010,9462,0.78,0.88,141,60951,76
Thompson,Town,2011,9435,0.9,0.78,141,61517,105
Thompson,Town,2012,9373,0.91,0.83,141,63385,76
Thompson,Town,2013,9354,0.86,0.94,141,64974,71
Thompson,Town,2014,9308,0.76,0.99,141,78655,70
Thompson,Town,2015,9290,0.81,0.86,141,69924,73
Tolland,Town,2010,15057,0.66,0.66,142,99764,60
Tolland,Town,2011,15031,0.61,0.65,142,102370,58
Tolland,Town,2012,14964,0.78,0.55,142,103358,89
Tolland,Town,2013,14915,0.63,0.64,142,103869,68
Tolland,Town,2014,14872,0.68,0.65,142,124946,69
Tolland,Town,2015,14849,0.7,0.73,142,110593,48
Torrington,LargeTown,2010,36350,1.11,1.08,143,48409,922
Torrington,LargeTown,2011,36167,1.05,1.12,143,48742,826
Torrington,LargeTown,2012,35808,1.04,1.16,143,50548,919
Torrington,LargeTown,2013,35611,1.02,1.26,143,51951,915
Torrington,LargeTown,2014,35190,1.03,1.25,143,66585,681
Torrington,LargeTown,2015,34906,1.05,1.15,143,56264,725
Trumbull,LargeTown,2010,36077,0.79,0.99,144,102059,720
Trumbull,LargeTown,2011,36376,0.68,0.97,144,106058,714
Trumbull,LargeTown,2012,36514,0.74,0.99,144,108667,549
Trumbull,LargeTown,2013,36571,0.78,0.94,144,108854,560
Trumbull,LargeTown,2014,36578,0.87,1.04,144,132033,629
Trumbull,LargeTown,2015,36628,0.88,1.05,144,111312,884
Union,,2010,853,0.59,1.06,145,79911,4
Union,,2011,853,1.17,0.35,145,84028,7
Union,,2012,852,0.35,0.82,145,83500,4
Union,,2013,848,0.71,0.94,145,83850,4
Union,,2014,846,0.59,0.35,145,101318,5
Union,,2015,843,0.24,0.95,145,95865,4
Vernon,LargeTown,2010,29188,1.28,0.92,146,61103,304
Vernon,LargeTown,2011,29139,1.16,0.97,146,62115,343
Vernon,LargeTown,2012,29122,1.21,0.87,146,61848,361
Vernon,LargeTown,2013,29161,1.13,1.03,146,61038,313
Vernon,LargeTown,2014,29098,1.25,1,146,76981,367
Vernon,LargeTown,2015,28959,1.14,0.92,146,59961,393
Voluntown,Town,2010,2602,0.81,0.77,147,73980,25
Voluntown,Town,2011,2597,1.12,0.73,147,76208,27
Voluntown,Town,2012,2611,0.84,0.57,147,74032,23
Voluntown,Town,2013,2611,0.65,0.61,147,75938,17
Voluntown,Town,2014,2593,0.54,0.66,147,80966,14
Voluntown,Town,2015,2579,0.85,0.74,147,76012,14
Wallingford,LargeTown,2010,45133,0.86,1.01,148,71317,816
Wallingford,LargeTown,2011,45062,0.93,1.08,148,72540,889
Wallingford,LargeTown,2012,45179,0.79,1.02,148,75467,930
Wallingford,LargeTown,2013,45141,0.86,1.12,148,75346,651
Wallingford,LargeTown,2014,45074,0.8,1.16,148,93590,641
Wallingford,LargeTown,2015,44893,0.87,1.19,148,74060,649
Warren,Town,2010,1460,0.27,0.41,149,87857,6
Warren,Town,2011,1453,0.76,0.62,149,97794,3
Warren,Town,2012,1447,0.55,0.35,149,96250,17
Warren,Town,2013,1447,0.35,1.11,149,100972,6
Warren,Town,2014,1427,0.56,0.98,149,128371,11
Warren,Town,2015,1417,0.35,0.78,149,90865,2
Washington,Town,2010,3574,0.76,0.7,150,67417,38
Washington,Town,2011,3557,0.59,0.62,150,70068,30
Washington,Town,2012,3534,0.42,0.71,150,75865,27
Washington,Town,2013,3526,0.54,1.19,150,80160,20
Washington,Town,2014,3487,0.54,0.66,150,125437,15
Washington,Town,2015,3466,0.66,0.63,150,81354,21
Waterbury,City,2010,110360,1.4,0.88,151,40254,5012
Waterbury,City,2011,110189,1.43,0.9,151,41499,4930
Waterbury,City,2012,109915,1.38,0.91,151,40867,5041
Waterbury,City,2013,109676,1.46,0.86,151,40639,5046
Waterbury,City,2014,109307,1.41,0.88,151,53533,4999
Waterbury,City,2015,108802,1.48,0.93,151,40467,4991
Waterford,Town,2010,19515,0.81,1.07,152,69810,552
Waterford,Town,2011,19477,0.69,1.1,152,72036,542
Waterford,Town,2012,19533,0.73,1.23,152,75270,562
Waterford,Town,2013,19505,0.71,1.22,152,73156,553
Waterford,Town,2014,19427,0.6,1.34,152,95327,482
Waterford,Town,2015,19281,0.69,1.23,152,75956,468
Watertown,LargeTown,2010,22492,0.8,0.86,153,77771,437
Watertown,LargeTown,2011,22377,0.76,0.75,153,81203,483
Watertown,LargeTown,2012,22261,0.73,0.92,153,80899,549
Watertown,LargeTown,2013,22228,0.75,0.99,153,80067,489
Watertown,LargeTown,2014,22046,0.84,1.08,153,95588,518
Watertown,LargeTown,2015,21911,0.78,0.99,153,78722,479
Westbrook,Town,2010,6937,0.58,0.65,154,78530,1527
Westbrook,Town,2011,6954,0.78,0.78,154,80061,1587
Westbrook,Town,2012,6914,0.62,0.88,154,81588,1743
Westbrook,Town,2013,6906,0.48,0.88,154,82322,1424
Westbrook,Town,2014,6902,0.57,1.03,154,121828,1447
Westbrook,Town,2015,6902,0.57,1.06,154,86569,1529
West Hartford,LargeTown,2010,63276,1.04,1.01,155,51854,1828
West Hartford,LargeTown,2011,63317,0.99,1.05,155,53057,1510
West Hartford,LargeTown,2012,63274,0.93,0.98,155,51911,1766
West Hartford,LargeTown,2013,63371,1,0.89,155,52353,1806
West Hartford,LargeTown,2014,63324,0.96,0.97,155,65781,1665
West Hartford,LargeTown,2015,63053,0.91,1.02,155,50846,1030
West Haven,LargeTown,2010,55561,1.25,0.77,156,61069,67
West Haven,LargeTown,2011,55477,1.24,0.81,156,60422,43
West Haven,LargeTown,2012,55404,1.2,0.8,156,63885,49
West Haven,LargeTown,2013,55046,1.16,0.86,156,62832,48
West Haven,LargeTown,2014,54905,1.12,0.87,156,111086,51
West Haven,LargeTown,2015,54927,1.13,0.81,156,78346,38
Weston,Town,2010,10196,0.6,0.31,157,209630,69
Weston,Town,2011,10281,0.48,0.47,157,205563,55
Weston,Town,2012,10350,0.61,0.37,157,213423,43
Weston,Town,2013,10372,0.53,0.36,157,207262,38
Weston,Town,2014,10388,0.68,0.4,157,286088,35
Weston,Town,2015,10387,0.6,0.32,157,217171,25
Westport,LargeTown,2010,26436,0.73,0.54,158,150771,409
Westport,LargeTown,2011,26656,0.66,0.59,158,155792,426
Westport,LargeTown,2012,27068,0.7,0.48,158,152586,331
Westport,LargeTown,2013,27308,0.63,0.57,158,160106,259
Westport,LargeTown,2014,27561,0.63,0.67,158,255021,337
Westport,LargeTown,2015,27899,0.56,0.61,158,162907,282
Wethersfield,LargeTown,2010,26670,0.95,1.05,159,71284,507
Wethersfield,LargeTown,2011,26690,0.97,1.15,159,72041,389
Wethersfield,LargeTown,2012,26710,0.99,1.03,159,76196,433
Wethersfield,LargeTown,2013,26510,0.94,0.99,159,77740,407
Wethersfield,LargeTown,2014,26446,0.81,0.92,159,93145,399
Wethersfield,LargeTown,2015,26367,0.86,1.05,159,77195,369
Willington,Town,2010,6043,0.63,0.65,160,62500,46
Willington,Town,2011,6033,0.75,0.53,160,67736,28
Willington,Town,2012,5994,0.8,0.67,160,70013,36
Willington,Town,2013,5965,0.62,0.35,160,72011,36
Willington,Town,2014,5934,0.81,0.66,160,87036,47
Willington,Town,2015,5908,0.52,0.74,160,73526,33
Wilton,Town,2010,18091,0.72,0.67,161,153770,100
Wilton,Town,2011,18242,0.66,0.71,161,159720,119
Wilton,Town,2012,18617,0.58,0.79,161,161906,96
Wilton,Town,2013,18657,0.62,0.78,161,167094,113
Wilton,Town,2014,18692,0.67,0.8,161,242379,63
Wilton,Town,2015,18714,0.73,0.79,161,172095,77
Winchester,Town,2010,11231,0.89,1.04,162,57958,244
Winchester,Town,2011,11175,0.89,1.01,162,57050,234
Winchester,Town,2012,11071,0.84,1.04,162,60994,268
Winchester,Town,2013,11013,0.84,1.15,162,58458,206
Winchester,Town,2014,10929,0.85,0.98,162,71642,168
Winchester,Town,2015,10829,0.78,1.16,162,52757,261
Windham,LargeTown,2010,25273,1.19,0.8,163,40063,156
Windham,LargeTown,2011,25214,1.23,0.78,163,42178,102
Windham,LargeTown,2012,25091,1.21,0.93,163,41007,109
Windham,LargeTown,2013,25213,1.12,0.92,163,41639,112
Windham,LargeTown,2014,25005,1.02,0.89,163,53134,90
Windham,LargeTown,2015,24799,1.16,0.87,163,41398,102
Windsor,LargeTown,2010,29048,0.97,0.84,164,78695,530
Windsor,LargeTown,2011,29067,0.9,0.84,164,79927,491
Windsor,LargeTown,2012,29140,0.9,0.92,164,77377,446
Windsor,LargeTown,2013,29142,0.94,0.94,164,79528,443
Windsor,LargeTown,2014,29069,0.96,1,164,94631,483
Windsor,LargeTown,2015,29016,0.85,0.84,164,81982,481
Windsor Locks,Town,2010,12498,0.84,0.87,165,59369,286
Windsor Locks,Town,2011,12507,0.95,1.11,165,62212,216
Windsor Locks,Town,2012,12546,0.9,1.06,165,62640,235
Windsor Locks,Town,2013,12573,1.05,0.91,165,66583,244
Windsor Locks,Town,2014,12565,0.99,1.06,165,81930,256
Windsor Locks,Town,2015,12537,0.78,1.09,165,68944,194
Wolcott,Town,2010,16678,0.71,0.79,166,78882,273
Wolcott,Town,2011,16652,0.73,0.74,166,80529,306
Wolcott,Town,2012,16724,0.74,0.91,166,80655,325
Wolcott,Town,2013,16725,0.65,0.85,166,83993,301
Wolcott,Town,2014,16716,0.67,0.91,166,96690,314
Wolcott,Town,2015,16673,0.64,0.93,166,80323,263
Woodbridge,Town,2010,8989,0.59,1.15,167,127237,159
Woodbridge,Town,2011,8976,0.69,1.05,167,129583,126
Woodbridge,Town,2012,8965,0.65,1.1,167,137216,117
Woodbridge,Town,2013,8955,0.61,1.05,167,138082,102
Woodbridge,Town,2014,8925,0.64,1.06,167,175780,142
Woodbridge,Town,2015,8886,0.69,1.14,167,133412,137
Woodbury,Town,2010,9965,0.64,0.82,168,80595,84
Woodbury,Town,2011,9915,0.57,0.81,168,86802,72
Woodbury,Town,2012,9848,0.67,0.69,168,80167,57
Woodbury,Town,2013,9822,0.59,0.88,168,81597,37
Woodbury,Town,2014,9719,0.52,0.64,168,108852,39
Woodbury,Town,2015,9636,0.68,0.84,168,80350,34
Woodstock,Town,2010,7966,0.73,0.73,169,74000,51
Woodstock,Town,2011,7945,0.62,0.74,169,81320,35
Woodstock,Town,2012,7904,0.56,0.57,169,81705,47
Woodstock,Town,2013,7897,0.87,0.89,169,77366,44
Woodstock,Town,2014,7860,0.81,0.71,169,87110,31
Woodstock,Town,2015,7838,0.73,0.73,169,78594,49
