town,CityType,Year,Population,BirthsRate,DeathsRate,Crime_num,Median_household_income,Mill_Rate,HOUSING_PRICE
Andover,Town,2010,3303,0.54,0.58,35,84274,27.6,220000
Andover,Town,2011,3298,0.76,0.64,26,91406,27.6,196500
Andover,Town,2012,3272,0.46,0.52,15,97762,27.6,240000
Andover,Town,2013,3273,0.55,0.4,14,88438,30.8,255000
Andover,Town,2014,3272,0.43,0.7,24,109220,30.77,207700
Andover,Town,2015,3262,0.67,0.74,10,100321,30.72,194450
Ansonia,Town,2010,19249,1.31,0.96,355,56541,25.25,180000
Ansonia,Town,2011,19219,0.98,0.92,405,55250,25.75,165451
Ansonia,Town,2012,19158,1.15,0.94,485,54720,26.25,147000
Ansonia,Town,2013,19020,1.06,1,427,45505,27.65,169902
Ansonia,Town,2014,18959,1.16,0.8,410,62191,39.34,160000
Ansonia,Town,2015,18854,1.11,1,380,43305,38.61,148000
Ashford,Town,2010,4318,1.04,0.67,34,69407,24.65,195300
Ashford,Town,2011,4307,0.86,0.65,23,71346,25.43,145000
Ashford,Town,2012,4284,1.03,0.65,19,75242,25.6,137000
Ashford,Town,2013,4281,1.07,0.63,26,75127,31.05,160000
Ashford,Town,2014,4259,0.94,0.77,30,93192,31.65,171450
Ashford,Town,2015,4251,1.01,0.75,18,77870,32.16,177000
Avon,Town,2010,18101,0.67,0.76,192,105116,23.41,425000
Avon,Town,2011,18113,0.61,0.82,181,107733,24.44,442625
Avon,Town,2012,18283,0.67,0.78,174,111768,25.04,440000
Avon,Town,2013,18386,0.64,0.78,148,115571,25.65,460000
Avon,Town,2014,18421,0.77,0.75,173,167001,26.32,347250
Avon,Town,2015,18414,0.77,0.89,150,123894,28.32,350000
Barkhamsted,Town,2010,3796,0.42,0.42,20,87656,22.03,229000
Barkhamsted,Town,2011,3776,0.48,0.72,25,83056,22.39,235000
Barkhamsted,Town,2012,3759,0.64,0.67,18,84861,22.67,204000
Barkhamsted,Town,2013,3745,0.48,0.59,22,89911,23.39,213015
Barkhamsted,Town,2014,3705,0.49,0.51,20,96424,24.26,236250
Barkhamsted,Town,2015,3685,0.81,0.62,18,95735,27.37,205000
Beacon Falls,Town,2010,6049,0.84,0.88,93,81214,24.23,215487.5
Beacon Falls,Town,2011,6038,0.61,0.66,80,80182,25.6,140500.5
Beacon Falls,Town,2012,6065,0.71,0.53,43,79207,26.1,203500
Beacon Falls,Town,2013,6052,0.79,0.5,55,85280,31.1,188000
Beacon Falls,Town,2014,6055,0.61,0.55,66,92703,31.9,245000
Beacon Falls,Town,2015,6081,0.67,0.72,52,83155,32.5,209250
Berlin,Town,2010,19868,0.71,0.92,360,86211,22.69,244400
Berlin,Town,2011,19881,0.7,1.05,395,87091,23.65,245000
Berlin,LargeTown,2012,20463,0.71,1.04,331,85735,24.5,230000
Berlin,LargeTown,2013,20590,0.74,0.96,292,87432,25.15,258000
Berlin,LargeTown,2014,20610,0.67,1.01,317,102654,28.77,245500
Berlin,LargeTown,2015,20560,0.62,0.99,342,87810,28.92,245500
Bethany,Town,2010,5562,0.56,0.56,42,113720,27,297450
Bethany,Town,2011,5554,0.67,0.58,38,106579,27.55,295000
Bethany,Town,2012,5550,0.61,0.52,48,109564,28.06,309000
Bethany,Town,2013,5540,0.78,0.65,41,100083,28.54,321000
Bethany,Town,2014,5531,0.58,0.63,30,120961,29.6,316000
Bethany,Town,2015,5510,0.76,0.56,35,97254,33.9,322000
Bethel,Town,2010,18615,0.91,0.64,202,83483,21.64,294500
Bethel,Town,2011,18771,0.89,0.6,311,87475,22.44,273000
Bethel,Town,2012,19161,0.79,0.7,332,88024,23.24,269000
Bethel,Town,2013,19264,0.74,0.62,186,85589,24.07,265450
Bethel,Town,2014,19372,0.9,0.73,169,110523,31.5,276000
Bethel,Town,2015,19529,0.93,0.8,174,92125,32.11,294000
Bethlehem,Town,2010,3604,0.55,0.8,20,82899,21.41,284250
Bethlehem,Town,2011,3586,0.61,0.56,29,86891,21.25,250000
Bethlehem,Town,2012,3566,0.45,1.12,20,80884,20.67,285000
Bethlehem,Town,2013,3553,0.76,0.84,20,83871,20.5,260000
Bethlehem,Town,2014,3501,0.71,0.54,17,109332,20.5,222500
Bethlehem,Town,2015,3473,0.66,0.49,10,84306,22.47,252000
Bloomfield,LargeTown,2010,20489,0.99,1.25,595,68372,35.53,212000
Bloomfield,LargeTown,2011,20502,0.81,1.34,573,72065,32.72,192000
Bloomfield,LargeTown,2012,20602,0.87,1.23,538,71579,33.7,178000
Bloomfield,LargeTown,2013,20673,0.7,1.28,509,73104,34.55,183500
Bloomfield,LargeTown,2014,20819,0.94,1.29,553,95819,34.85,165000
Bloomfield,LargeTown,2015,20749,0.75,1.19,572,72762,34.84,184900
Bolton,Town,2010,4981,0.58,0.72,37,89432,28.18,231950
Bolton,Town,2011,4974,0.7,0.7,41,93348,28.95,265000
Bolton,Town,2012,4960,0.89,0.63,33,87885,29.33,217000
Bolton,Town,2013,4948,0.79,0.73,33,86890,29.8,256500
Bolton,Town,2014,4952,0.75,0.55,19,111812,30.96,227647.5
Bolton,Town,2015,4947,0.75,0.44,29,97019,35.34,227000
Bozrah,Town,2010,2626,0.72,0.8,32,75000,20.25,185000
Bozrah,Town,2011,2622,0.72,1.11,26,81122,21,218500
Bozrah,Town,2012,2638,0.68,0.68,19,83188,22,186000
Bozrah,Town,2013,2639,0.87,0.68,22,78580,22.5,204000
Bozrah,Town,2014,2622,0.88,1.11,17,87039,26.25,145625
Bozrah,Town,2015,2603,0.81,1.19,14,77045,26.75,158000
Branford,LargeTown,2010,28024,0.81,1.05,848,70640,23.58,270000
Branford,LargeTown,2011,27980,0.74,1.08,778,71314,23.57,265000
Branford,LargeTown,2012,28024,0.85,1.13,699,70075,24.27,257500
Branford,LargeTown,2013,27988,0.89,1.15,651,70785,24.95,281250
Branford,LargeTown,2014,28225,0.67,1.11,688,96954,25.59,286750
Branford,LargeTown,2015,28145,0.78,1.18,708,71938,26.24,207500
Bridgeport,City,2010,144463,1.51,0.67,6095,41047,38.74,127200
Bridgeport,City,2011,145638,1.55,0.65,7054,40947,39.65,115000
Bridgeport,City,2012,146425,1.45,0.67,6913,39822,39.64,120000
Bridgeport,City,2013,147216,1.41,0.64,5861,41050,41.11,118000
Bridgeport,City,2014,147612,1.44,0.69,5623,55697,41.85,120000
Bridgeport,City,2015,147629,1.39,0.66,4492,41801,42.2,114949.5
Bridgewater,Town,2010,1725,0.52,1.1,15,86607,15.2,542000
Bridgewater,Town,2011,1716,0.23,1.22,15,85481,15.5,647500
Bridgewater,Town,2012,1702,0.47,1.12,12,83750,16.25,512000
Bridgewater,Town,2013,1696,0.18,0.59,6,87875,17.5,306500
Bridgewater,Town,2014,1675,0.66,0.84,8,143748,17.5,445000
Bridgewater,Town,2015,1659,0.18,1.02,5,98424,17.25,390000
Bristol,LargeTown,2010,60484,1.1,0.88,1535,58537,25.99,175000
Bristol,LargeTown,2011,60525,1.09,0.97,1626,60032,27.24,162200
Bristol,LargeTown,2012,60603,1.08,0.94,1687,58814,27.24,158500
Bristol,LargeTown,2013,60568,1.03,1,1478,57610,28.75,153446
Bristol,LargeTown,2014,60570,1.1,1.01,1582,73391,33.5,160000
Bristol,LargeTown,2015,60452,1.07,0.98,1307,61478,34.61,156250
Brookfield,Town,2010,16478,0.81,0.59,149,109008,18.86,375000
Brookfield,Town,2011,16617,0.77,0.64,213,108576,19.47,370000
Brookfield,Town,2012,16783,0.66,0.69,194,111096,19.94,337450
Brookfield,Town,2013,16860,0.65,0.68,171,107537,24.54,330500
Brookfield,Town,2014,17055,0.66,0.8,166,134297,25.4,335000
Brookfield,Town,2015,17143,0.8,0.57,148,112684,25.7,315000
Brooklyn,Town,2010,8211,0.9,1.13,88,68851,22.29,207500
Brooklyn,Town,2011,8192,0.98,0.95,70,66023,22.29,180000
Brooklyn,Town,2012,8203,0.8,0.9,84,62857,22.38,187450
Brooklyn,Town,2013,8280,0.77,0.86,82,59262,23.19,198979
Brooklyn,Town,2014,8254,0.88,0.96,154,73429,23.19,188298.5
Brooklyn,Town,2015,8259,0.62,0.96,104,60694,23.43,177250
Burlington,Town,2010,9302,0.63,0.45,61,115341,25.82,343500
Burlington,Town,2011,9309,0.75,0.49,44,114792,26.57,330000
Burlington,Town,2012,9434,0.93,0.48,64,106756,26.75,350000
Burlington,Town,2013,9494,0.65,0.46,43,105422,26.8,321000
Burlington,Town,2014,9576,0.79,0.41,37,123187,27.5,353750
Burlington,Town,2015,9623,0.71,0.55,22,113472,29.85,295000
Canaan,Town,2010,1234,0.97,0.81,13,54219,19,211000
Canaan,Town,2011,1227,0.73,0.98,5,56161,19.5,232500
Canaan,Town,2012,1218,0.74,1.31,10,58021,20.5,205000
Canaan,Town,2013,1214,0.33,1.4,18,65000,20.5,156000
Canaan,Town,2014,1195,0.75,1.26,8,82618,21.5,172000
Canaan,Town,2015,1185,0.42,1.18,3,72321,22.75,159000
Canterbury,Town,2010,5133,0.64,0.74,40,70902,21.95,170000
Canterbury,Town,2011,5119,0.86,0.68,47,73000,21.2,173500
Canterbury,Town,2012,5106,0.92,0.63,48,66641,21.2,180000
Canterbury,Town,2013,5096,0.86,0.73,38,73038,21.2,195000
Canterbury,Town,2014,5088,0.96,0.83,21,85766,21.7,162450
Canterbury,Town,2015,5089,0.67,0.77,20,83862,21.5,180700
Canton,Town,2010,10294,0.8,0.73,122,87643,25.64,325000
Canton,Town,2011,10300,0.77,0.72,112,82619,26.09,311950
Canton,Town,2012,10351,0.75,0.91,89,86136,26.28,278000
Canton,Town,2013,10357,0.72,0.79,75,87891,26.42,307000
Canton,Town,2014,10345,0.67,0.73,77,122904,26.91,290350
Canton,Town,2015,10330,0.51,0.63,50,87326,28.56,280000
Chaplin,Town,2010,2305,1.21,0.65,24,62679,29.85,170000
Chaplin,Town,2011,2298,0.83,0.44,24,67981,30.15,151450
Chaplin,Town,2012,2286,0.52,0.61,23,75333,30.15,149500
Chaplin,Town,2013,2276,0.79,0.7,14,75368,30.15,179000
Chaplin,Town,2014,2262,0.75,1.06,20,92201,30.15,75000
Chaplin,Town,2015,2255,0.31,1.02,15,67054,35.05,150000
Cheshire,LargeTown,2010,29260,0.63,0.67,336,107936,26.05,310725
Cheshire,LargeTown,2011,29216,0.59,0.66,304,109535,26.5,330000
Cheshire,LargeTown,2012,29300,0.56,0.82,276,110587,26.85,307500
Cheshire,LargeTown,2013,29150,0.63,0.73,210,111638,27.23,285000
Cheshire,LargeTown,2014,29250,0.65,0.78,251,125801,27.6,263250
Cheshire,LargeTown,2015,29262,0.57,0.89,203,106489,30.25,283500
Chester,Town,2010,3992,0.65,1.4,45,80185,21.11,263000
Chester,Town,2011,4003,0.7,1.27,25,80192,22.11,231250
Chester,Town,2012,4245,0.59,1.04,18,79345,22.11,248500
Chester,Town,2013,4343,0.62,1.15,6,74911,22.45,289950
Chester,Town,2014,4316,0.46,1.2,16,92400,21.95,198000
Chester,Town,2015,4277,0.56,1.15,15,78750,24.82,301500
Clinton,Town,2010,13256,0.76,0.81,410,74174,21.88,251000
Clinton,Town,2011,13290,0.74,0.77,342,75122,22.41,246666
Clinton,Town,2012,13196,0.74,0.77,335,68225,24.92,255000
Clinton,Town,2013,13180,0.72,0.69,287,71599,25.18,257500
Clinton,Town,2014,13129,0.65,0.83,282,92400,25.43,224500
Clinton,Town,2015,13047,0.72,0.91,316,71455,26.27,233000
Colchester,Town,2010,16066,0.94,0.73,184,92431,23.65,229850
Colchester,Town,2011,16034,0.85,0.71,119,95034,25.07,224000
Colchester,Town,2012,16187,0.86,0.81,146,92522,25.85,225000
Colchester,Town,2013,16210,0.68,0.77,76,96774,28.8,227000
Colchester,Town,2014,16192,0.82,0.73,70,106553,30.28,222000
Colchester,Town,2015,16130,0.79,0.69,65,97313,30.57,225500
Colebrook,Town,2010,1484,0.81,0.81,13,72000,24.1,206000
Colebrook,Town,2011,1476,0.61,0.95,11,71125,24.81,450000
Colebrook,Town,2012,1461,0.41,0.55,7,71691,26,215000
Colebrook,Town,2013,1457,0.55,0.69,11,79667,26.82,249500
Colebrook,Town,2014,1445,0.55,0.76,10,91840,27.1,203500
Colebrook,Town,2015,1436,0.49,0.77,6,81172,27.8,159000
Columbia,Town,2010,5488,0.75,0.73,54,85893,23.01,238000
Columbia,Town,2011,5477,0.91,0.68,28,91715,23.55,224375
Columbia,Town,2012,5461,0.73,0.6,36,92973,23.55,225000
Columbia,Town,2013,5460,0.59,0.84,30,90725,27.13,210000
Columbia,Town,2014,5454,0.79,0.79,28,106607,27.13,247000
Columbia,Town,2015,5434,0.72,0.63,24,89986,27.13,220000
Cornwall,Town,2010,1419,0.92,0.63,22,80179,12.05,450000
Cornwall,Town,2011,1412,0.28,1.13,23,75000,12.32,375000
Cornwall,Town,2012,1399,0.36,0.79,18,78021,12.5,500000
Cornwall,Town,2013,1412,0.28,0.85,9,67500,14.6,350000
Cornwall,Town,2014,1398,0.14,0.57,11,108897,14.5,335000
Cornwall,Town,2015,1387,0.29,0.94,7,75833,14.9,153500
Coventry,Town,2010,12438,0.92,0.6,174,86244,28.54,222000
Coventry,Town,2011,12418,0.87,0.59,209,90502,26.58,215000
Coventry,Town,2012,12425,0.89,0.56,174,92308,27,199900
Coventry,Town,2013,12411,0.77,0.6,156,93816,27,190000
Coventry,Town,2014,12419,0.89,0.56,144,103876,27.97,175000
Coventry,Town,2015,12438,0.99,0.55,93,90309,28.47,197000
Cromwell,Town,2010,14001,1.08,1.01,371,82012,26.16,255000
Cromwell,Town,2011,14037,1.05,1.09,348,80426,26.84,268575
Cromwell,Town,2012,14217,1.1,1.06,301,80134,26.8,263000
Cromwell,Town,2013,14178,0.99,0.97,286,75859,27.06,218000
Cromwell,Town,2014,14113,0.97,1.18,313,97660,30.75,215250
Cromwell,Town,2015,14034,0.97,1.05,343,82081,31.18,180000
Danbury,LargeTown,2010,81023,1.41,0.61,1631,65275,21.66,240000
Danbury,LargeTown,2011,81671,1.32,0.64,1752,65656,20.96,242250
Danbury,LargeTown,2012,82807,1.32,0.58,1671,66281,21.69,235000
Danbury,LargeTown,2013,83684,1.31,0.66,1365,64969,22.45,244000
Danbury,LargeTown,2014,83784,1.23,0.62,1507,84697,26.8,255000
Danbury,LargeTown,2015,84657,1.26,0.68,1524,66676,27.6,252500
Darien,LargeTown,2010,20767,1.06,0.5,146,175766,11.37,1300000
Darien,LargeTown,2011,20942,1,0.48,157,193896,11.74,1425000
Darien,LargeTown,2012,21114,0.94,0.55,102,200724,12.2,1212500
Darien,LargeTown,2013,21330,0.9,0.42,82,205688,12.68,1355000
Darien,LargeTown,2014,21689,1.01,0.5,196,307100,13.17,1495000
Darien,LargeTown,2015,21787,0.96,0.54,231,208906,15.01,1425000
Deep River,Town,2010,4629,0.8,0.78,58,65250,21.73,256400
Deep River,Town,2011,4639,0.82,0.91,39,76319,21.73,200000
Deep River,Town,2012,4603,0.74,0.96,31,77625,24.28,247000
Deep River,Town,2013,4589,0.59,0.65,24,71500,24.68,242000
Deep River,Town,2014,4571,0.55,0.9,19,90052,25.08,243000
Deep River,Town,2015,4516,0.71,0.82,18,69395,25.88,215000
Derby,Town,2010,12901,0.91,1.06,410,52029,26.4,180500
Derby,Town,2011,12882,1.04,1.13,396,55478,27.4,169500
Derby,Town,2012,12830,0.99,0.88,425,54561,27.9,177250
Derby,Town,2013,12801,1.2,1.09,333,53098,35.5,141250
Derby,Town,2014,12768,0.97,0.97,356,66135,35.34,142000
Derby,Town,2015,12700,1.02,1.02,393,51596,35.74,140000
Durham,Town,2010,7386,0.7,0.62,54,105417,26.2,317000
Durham,Town,2011,7403,0.76,0.73,61,106000,26.81,319500
Durham,Town,2012,7368,0.64,0.64,33,109969,30.46,249500
Durham,Town,2013,7361,0.8,0.65,110,124179,32.19,284500
Durham,Town,2014,7348,0.64,0.54,25,140761,32.66,260000
Durham,Town,2015,7301,0.6,0.7,23,113152,33.22,285400
East Granby,Town,2010,5148,1.09,0.64,52,82695,26.3,249850
East Granby,Town,2011,5152,1.05,0.8,37,87074,27.09,233000
East Granby,Town,2012,5184,0.85,0.62,48,91146,27,240000
East Granby,Town,2013,5212,1.04,0.79,68,89615,27.3,251900
East Granby,Town,2014,5212,0.83,0.63,59,102752,28.2,214000
East Granby,Town,2015,5199,0.79,0.58,45,82117,29.8,246000
East Haddam,Town,2010,9123,0.89,0.64,126,88281,20.55,250000
East Haddam,Town,2011,9146,0.72,0.51,131,91770,20.87,240000
East Haddam,Town,2012,9158,0.78,0.6,125,93083,21.1,235000
East Haddam,Town,2013,9147,0.79,0.77,84,94747,21.52,196175
East Haddam,Town,2014,9127,0.9,0.78,61,111380,26.01,232500
East Haddam,Town,2015,9081,0.91,0.66,47,96299,27.9,208500
East Hampton,Town,2010,12954,1.09,0.64,171,48613,24.01,232500
East Hampton,Town,2011,12989,1.02,0.59,256,49611,24.98,210000
East Hampton,Town,2012,12940,0.83,0.76,154,48438,25.68,210000
East Hampton,Town,2013,12912,0.91,0.9,144,50400,25.97,215000
East Hampton,Town,2014,12874,0.79,0.7,76,62419,26.63,237500
East Hampton,Town,2015,12858,0.77,0.81,92,48369,27.14,229000
East Hartford,LargeTown,2010,51259,1.36,0.93,1756,59918,31.67,145550
East Hartford,LargeTown,2011,51293,1.28,0.95,1605,63136,33.82,136000
East Hartford,LargeTown,2012,51272,1.35,0.93,1804,63574,34.42,120500
East Hartford,LargeTown,2013,51199,1.29,0.88,1633,63673,42.79,125000
East Hartford,LargeTown,2014,51033,1.32,0.83,1376,76505,43.9,121500
East Hartford,LargeTown,2015,50821,1.25,0.88,1291,63120,45.4,122000
East Haven,LargeTown,2010,29257,0.96,1.14,1001,79815,22.85,178000
East Haven,LargeTown,2011,29209,0.97,1.14,863,80293,26.84,197000
East Haven,LargeTown,2012,29190,0.84,1.11,909,81599,26.59,175000
East Haven,LargeTown,2013,29121,0.9,1.04,785,78257,30.95,160000
East Haven,LargeTown,2014,29044,0.85,1.07,752,103335,30.95,164750
East Haven,LargeTown,2015,28935,0.96,1.15,713,84029,32.05,164500
East Lyme,Town,2010,19156,0.65,0.75,209,64301,19.19,284000
East Lyme,Town,2011,19124,0.56,0.85,192,66699,19.55,250000
East Lyme,Town,2012,18892,0.64,0.85,175,71310,19.47,260000
East Lyme,Town,2013,18937,0.72,0.85,212,72785,22.78,267750
East Lyme,Town,2014,19140,0.75,1.03,159,81514,23.35,259500
East Lyme,Town,2015,19343,0.59,0.89,157,74798,24.03,251000
East Windsor,Town,2010,11163,1.12,1.02,336,140370,21.75,171500
East Windsor,Town,2011,11170,1.15,0.81,315,141372,24,201500
East Windsor,Town,2012,11387,1.16,1.08,363,142434,24.38,176000
East Windsor,Town,2013,11406,1.09,0.96,343,150000,24.73,184450
East Windsor,Town,2014,11423,1.01,0.92,427,171108,29.78,147359.5
East Windsor,Town,2015,11400,0.92,1.04,336,131189,29.78,160000
Eastford,Town,2010,1750,0.57,0.34,10,77596,20.27,130000
Eastford,Town,2011,1744,1.03,0.52,6,73188,21,145500
Eastford,Town,2012,1730,0.75,0.69,6,73074,21.25,142000
Eastford,Town,2013,1736,1.38,0.81,16,71250,21.5,217000
Eastford,Town,2014,1734,0.46,1.04,12,87572,21.5,215000
Eastford,Town,2015,1750,0.8,0.57,9,72684,24.8,230000
Easton,Town,2010,7502,0.59,0.71,35,76786,21.7,575250
Easton,Town,2011,7564,0.5,0.58,27,80147,22.4,592000
Easton,Town,2012,7603,0.58,0.78,40,82885,22.95,551750
Easton,Town,2013,7616,0.55,0.75,31,83015,29.1,570000
Easton,Town,2014,7631,0.52,0.86,31,96232,29.3,590000
Easton,Town,2015,7625,0.62,0.6,24,78466,29.9,590000
Ellington,Town,2010,15607,1,0.51,68,81582,25,278000
Ellington,Town,2011,15582,0.86,0.58,82,84758,25.3,250000
Ellington,Town,2012,15779,0.87,0.52,73,84934,27.5,230000
Ellington,Town,2013,15786,0.96,0.62,70,84699,27.9,240000
Ellington,Town,2014,15795,0.9,0.6,66,101266,28.4,249000
Ellington,Town,2015,15916,0.86,0.58,68,85545,28.7,240000
Enfield,LargeTown,2010,44659,0.89,0.85,955,67402,23.88,175000
Enfield,LargeTown,2011,44686,0.97,0.85,856,67809,23.88,163000
Enfield,LargeTown,2012,44660,0.87,0.91,850,68356,23.88,159950
Enfield,LargeTown,2013,44748,0.84,0.89,907,67191,27.84,158000
Enfield,LargeTown,2014,44626,0.87,0.92,813,78786,29.26,160000
Enfield,LargeTown,2015,44323,0.86,0.9,844,67377,29.13,160000
Essex,Town,2010,6682,0.54,1.17,41,87480,16.95,350000
Essex,Town,2011,6698,0.72,1.18,44,84095,17.63,367500
Essex,Town,2012,6648,0.41,1.02,31,90242,17.98,361250
Essex,Town,2013,6633,0.44,1.13,21,86298,18.47,377000
Essex,Town,2014,6612,0.41,1.12,26,117320,18.99,357250
Essex,Town,2015,6586,0.55,1.23,27,86376,20.99,315000
Fairfield,LargeTown,2010,59496,0.87,0.85,1083,113248,18.9,507000
Fairfield,LargeTown,2011,59961,0.84,0.81,1159,118476,19.27,442500
Fairfield,LargeTown,2012,60450,0.78,0.81,1336,119924,22.47,520000
Fairfield,LargeTown,2013,60855,0.83,0.82,1179,117705,23.37,535000
Fairfield,LargeTown,2014,61347,0.91,0.77,1203,173929,23.93,530000
Fairfield,LargeTown,2015,61523,0.83,0.78,969,122306,24.4,530000
Farmington,LargeTown,2010,25343,0.78,0.9,710,85417,19.76,350000
Farmington,LargeTown,2011,25361,0.81,1.07,643,86675,20.46,329000
Farmington,LargeTown,2012,25529,0.81,0.96,653,88467,21.27,345000
Farmington,LargeTown,2013,25613,0.64,0.91,680,88935,21.9,257000
Farmington,LargeTown,2014,25627,0.84,0.91,674,133156,24.07,329000
Farmington,LargeTown,2015,25629,0.8,0.97,609,91712,24.44,272500
Franklin,Town,2010,1922,0.68,0.73,46,74226,19.29,158500
Franklin,Town,2011,1917,0.78,0.47,22,78342,19.54,167500
Franklin,Town,2012,1991,0.65,0.75,27,88333,20.54,185000
Franklin,Town,2013,1987,0.65,1.16,23,89643,21.04,169000
Franklin,Town,2014,1984,0.91,0.76,8,104890,21.54,102000
Franklin,Town,2015,1975,0.66,0.41,26,87708,24.72,165950
Glastonbury,LargeTown,2010,34432,0.73,0.75,394,102482,29.05,350000
Glastonbury,LargeTown,2011,34454,0.71,0.74,350,104967,29.65,350000
Glastonbury,LargeTown,2012,34698,0.67,0.74,369,106872,30.05,333000
Glastonbury,LargeTown,2013,34768,0.72,0.71,302,106678,30.5,338000
Glastonbury,LargeTown,2014,34754,0.7,0.73,316,145318,35.1,330000
Glastonbury,LargeTown,2015,34678,0.71,0.87,372,109018,35.65,292500
Goshen,Town,2010,2973,0.5,0.77,17,76705,14.4,250000
Goshen,Town,2011,2957,0.44,0.85,16,83125,15,320000
Goshen,Town,2012,2952,0.68,0.71,15,74333,15,277500
Goshen,Town,2013,2945,0.58,0.71,10,79850,15,275000
Goshen,Town,2014,2914,0.45,1.03,10,87828,19.2,322500
Goshen,Town,2015,2904,0.52,0.86,11,92361,19.2,310000
Granby,Town,2010,11284,0.61,0.66,113,97500,29.46,270000
Granby,Town,2011,11291,0.7,0.73,126,99190,29.79,285000
Granby,Town,2012,11316,0.71,0.77,110,97851,30.1,272151
Granby,Town,2013,11323,0.52,0.67,109,97894,30.69,278000
Granby,Town,2014,11310,0.64,0.84,94,142672,34.83,265000
Granby,Town,2015,11298,0.73,0.75,83,102671,35.52,272500
Greenwich,LargeTown,2010,61274,1.01,0.75,598,124958,8.32,1542500
Greenwich,LargeTown,2011,61782,1.04,0.69,456,127201,8.6,1495000
Greenwich,LargeTown,2012,62256,1.1,0.64,391,129588,10.11,1500000
Greenwich,LargeTown,2013,62396,0.98,0.66,476,132164,10.39,1600000
Greenwich,LargeTown,2014,62610,0.95,0.71,496,262067,10.68,1550000
Greenwich,LargeTown,2015,62695,0.89,0.72,438,128153,10.97,1450000
Griswold,Town,2010,11950,0.99,0.74,120,59295,16.75,148250
Griswold,Town,2011,11925,0.99,0.7,117,66303,18.73,149950
Griswold,Town,2012,11986,0.93,0.68,137,64574,18.73,133800
Griswold,Town,2013,11959,0.98,0.66,133,59387,24.8,152500
Griswold,Town,2014,11916,0.86,0.76,128,78550,26.03,141098
Griswold,Town,2015,11830,0.85,0.74,83,59153,26.08,138700
Groton,LargeTown,2010,40109,1.47,0.58,735,56904,17.95,217500
Groton,LargeTown,2011,40038,1.48,0.7,773,59887,18.42,199900
Groton,LargeTown,2012,39896,1.56,0.67,868,61966,18.89,235000
Groton,LargeTown,2013,40176,1.43,0.69,797,60684,20.22,199000
Groton,LargeTown,2014,40167,1.4,0.73,803,80077,20.72,184000
Groton,LargeTown,2015,39692,1.27,0.71,708,62137,20.13,169400
Guilford,LargeTown,2010,22375,0.68,0.71,455,98411,20.04,377750
Guilford,LargeTown,2011,22340,0.51,0.71,363,95085,20.83,372000
Guilford,LargeTown,2012,22403,0.58,0.71,317,95745,21.52,368000
Guilford,LargeTown,2013,22417,0.54,0.79,258,96151,22.36,380000
Guilford,LargeTown,2014,22413,0.55,0.74,356,132149,23.06,280000
Guilford,LargeTown,2015,22350,0.55,0.8,218,99132,27.42,327500
Haddam,Town,2010,8344,0.8,0.64,60,86179,26.4,263000
Haddam,Town,2011,8364,0.84,0.63,61,87883,27.4,325000
Haddam,Town,2012,8358,0.74,0.63,68,89184,28.23,260000
Haddam,Town,2013,8363,0.75,0.6,34,93824,28.99,266000
Haddam,Town,2014,8333,0.8,0.76,42,114451,29.48,260000
Haddam,Town,2015,8292,0.8,0.82,45,99866,30.39,234000
Hamden,LargeTown,2010,60957,1.02,0.94,894,66695,29.41,214000
Hamden,LargeTown,2011,60868,1.05,1.02,1545,67955,31.16,190000
Hamden,LargeTown,2012,60863,1.01,0.96,1710,68462,34.77,185000
Hamden,LargeTown,2013,61607,0.94,0.91,1671,68794,37.14,195000
Hamden,LargeTown,2014,61422,0.89,0.92,1589,87591,38.94,180000
Hamden,LargeTown,2015,61218,0.92,1.01,1525,70791,39.93,169000
Hampton,Town,2010,1864,0.86,0.64,19,79943,24.85,188000
Hampton,Town,2011,1858,0.7,0.65,8,81307,25.8,156500
Hampton,Town,2012,1869,0.54,0.59,5,75278,24.8,188500
Hampton,Town,2013,1868,0.43,0.43,17,74559,24.8,180000
Hampton,Town,2014,1859,0.81,0.59,6,94056,24.8,234000
Hampton,Town,2015,1849,0.59,0.65,15,76625,29.73,212500
Hartford,City,2010,124789,1.61,0.63,7119,28970,72.79,126000
Hartford,City,2011,124867,1.58,0.66,7141,29107,72.79,121000
Hartford,City,2012,124893,1.58,0.62,6974,28931,71.79,137000
Hartford,City,2013,125017,1.52,0.62,6509,29430,74.29,121000
Hartford,City,2014,124705,1.5,0.63,6660,42759,74.29,121800
Hartford,City,2015,124006,1.48,0.72,6888,30630,74.29,109000
Hartland,Town,2010,2115,0.76,0.38,12,85956,23.25,195000
Hartland,Town,2011,2116,0.66,0.66,7,90278,23.5,222500
Hartland,Town,2012,2132,0.56,0.56,12,91875,23.5,210000
Hartland,Town,2013,2131,0.61,0.56,2,88362,24,187500
Hartland,Town,2014,2129,0.85,0.61,2,102563,24.5,254500
Hartland,Town,2015,2127,0.47,0.61,8,91964,24.5,212000
Harwinton,Town,2010,5638,0.59,0.71,34,85253,23,238000
Harwinton,Town,2011,5608,0.62,0.7,50,85920,23.5,215125
Harwinton,Town,2012,5600,0.61,0.59,41,89429,23.9,217500
Harwinton,Town,2013,5593,0.72,0.88,34,89102,24.6,195000
Harwinton,Town,2014,5531,0.43,0.81,50,120214,24.6,227000
Harwinton,Town,2015,5493,0.64,0.66,30,91875,26.9,222000
Hebron,Town,2010,9690,0.75,0.39,78,108444,28.17,265000
Hebron,Town,2011,9673,0.74,0.48,50,107807,28.94,250000
Hebron,Town,2012,9624,0.64,0.54,60,114286,30.26,273750
Hebron,Town,2013,9588,0.7,0.5,39,111792,33.55,270000
Hebron,Town,2014,9564,0.69,0.51,32,119638,34.7,247500
Hebron,Town,2015,9552,0.57,0.49,25,105104,35.75,265750
Kent,Town,2010,2977,0.6,1.04,28,68481,14.11,386500
Kent,Town,2011,2961,0.44,1.28,41,71736,14.02,315000
Kent,Town,2012,2951,0.85,1.15,39,66641,14.27,315000
Kent,Town,2013,2939,0.51,1.05,26,64038,14.27,272450
Kent,Town,2014,2910,0.62,1.34,5,95315,14.45,296000
Kent,Town,2015,2869,0.45,1.05,13,60714,17.03,236500
Killingly,Town,2010,17374,1.13,0.93,215,53192,18.15,147000
Killingly,Town,2011,17330,1.08,0.91,180,54446,19.1,130500
Killingly,Town,2012,17269,1.12,0.97,209,55598,19.2,144650
Killingly,Town,2013,17233,1.18,0.89,213,57205,19.7,135875
Killingly,Town,2014,17172,1.1,0.94,210,66753,20.7,99400
Killingly,Town,2015,17131,1.08,1.22,155,55764,26.51,136625
Killingworth,Town,2010,6523,0.64,0.64,31,99500,21,281000
Killingworth,Town,2011,6540,0.55,0.75,32,105764,21,260900
Killingworth,Town,2012,6504,0.62,0.57,28,106964,22.77,246250
Killingworth,Town,2013,6490,0.43,0.65,14,112761,24.78,225000
Killingworth,Town,2014,6490,0.48,0.66,26,128462,24.53,332500
Killingworth,Town,2015,6455,0.81,0.76,25,112137,24.53,331166.5
Lebanon,Town,2010,7306,0.83,0.68,64,72431,21.3,219450
Lebanon,Town,2011,7292,0.67,0.74,55,80601,22.1,199900
Lebanon,Town,2012,7326,0.85,0.81,42,81120,22.8,187000
Lebanon,Town,2013,7319,0.67,0.74,40,83651,23.6,199632.5
Lebanon,Town,2014,7309,0.78,0.63,36,100065,23.9,176400
Lebanon,Town,2015,7259,0.7,0.81,43,89375,28.2,175000
Ledyard,Town,2010,15050,1.08,0.43,153,85321,25.65,212250
Ledyard,Town,2011,15019,1.13,0.62,133,87344,25.65,207000
Ledyard,Town,2012,15077,0.86,0.55,129,88057,27.93,230000
Ledyard,Town,2013,15094,1.02,0.63,159,87518,27.93,215000
Ledyard,Town,2014,15121,1.1,0.64,152,102930,28.2,202250
Ledyard,Town,2015,15025,1.02,0.74,77,84825,29.9,192375
Lisbon,Town,2010,4338,0.69,0.51,106,77872,16.9,194900
Lisbon,Town,2011,4330,0.72,0.85,143,74190,16.9,178500
Lisbon,Town,2012,4355,0.64,0.8,141,80539,16.86,0
Lisbon,Town,2013,4348,0.51,0.92,136,80129,19.6,159500
Lisbon,Town,2014,4342,0.62,0.76,157,94059,19.4,165250
Lisbon,Town,2015,4310,0.74,0.86,85,81200,19.5,169900
Litchfield,Town,2010,8457,0.59,0.97,84,78750,21.2,252000
Litchfield,Town,2011,8417,0.68,1.05,73,82155,21.9,224375
Litchfield,Town,2012,8353,0.51,1.05,91,84063,22.2,245000
Litchfield,Town,2013,8333,0.62,1.28,73,86801,22.2,285000
Litchfield,Town,2014,8264,0.64,0.9,82,108144,22.6,279900
Litchfield,Town,2015,8212,0.63,1.24,70,82361,25.2,279000
Lyme,Town,2010,2405,0.21,0.62,15,88500,12.75,499000
Lyme,Town,2011,2401,0.5,0.83,16,91522,13.55,367500
Lyme,Town,2012,2403,0.5,1.04,19,86250,13.5,313000
Lyme,Town,2013,2401,0.46,1.33,11,85263,13.5,464975
Lyme,Town,2014,2389,0.59,0.88,16,116545,14,240000
Lyme,Town,2015,2374,0.72,1.1,16,81650,17,397500
Madison,Town,2010,18267,0.47,0.78,230,108175,18.62,405000
Madison,Town,2011,18239,0.61,0.77,129,106609,19.3,427000
Madison,Town,2012,18291,0.46,0.8,118,107062,19.43,419500
Madison,Town,2013,18297,0.45,0.85,113,110761,19.77,439500
Madison,Town,2014,18259,0.54,0.87,122,143342,20.39,350000
Madison,Town,2015,18223,0.52,0.82,58,107183,25.17,381520
Manchester,LargeTown,2010,58249,1.38,0.76,1978,61571,30.32,180000
Manchester,LargeTown,2011,58287,1.4,0.88,1850,62436,31.28,172500
Manchester,LargeTown,2012,58289,1.28,0.77,1908,63656,31.98,169900
Manchester,LargeTown,2013,58211,1.31,0.85,1606,63274,35.83,169000
Manchester,LargeTown,2014,58106,1.35,0.88,1692,77191,37.44,155000
Manchester,LargeTown,2015,58007,1.34,0.83,1678,63158,38.65,154000
Mansfield,LargeTown,2010,26546,0.37,0.45,186,65839,25.71,216900
Mansfield,LargeTown,2011,26524,0.36,0.35,205,70208,25.71,172207
Mansfield,LargeTown,2012,25648,0.3,0.39,295,67615,26.68,184000
Mansfield,LargeTown,2013,25774,0.34,0.38,229,66143,27.16,200500
Mansfield,LargeTown,2014,25977,0.29,0.34,166,84113,27.95,187500
Mansfield,LargeTown,2015,26043,0.33,0.39,143,60263,27.95,178750
Marlborough,Town,2010,6406,0.72,0.8,72,108232,26.48,250000
Marlborough,Town,2011,6410,0.5,0.59,34,112665,26.58,257500
Marlborough,Town,2012,6433,0.73,0.85,34,110718,27.2,205000
Marlborough,Town,2013,6431,0.64,0.79,29,110694,31.03,257250
Marlborough,Town,2014,6430,0.76,0.86,22,115765,30.76,250000
Marlborough,Town,2015,6430,0.67,0.64,25,108698,31.45,247450
Meriden,LargeTown,2010,60866,1.29,0.77,1981,53873,28.85,157000
Meriden,LargeTown,2011,60770,1.3,0.9,1865,53722,29.53,146750
Meriden,LargeTown,2012,60638,1.29,0.9,2034,53831,29.83,144950
Meriden,LargeTown,2013,60456,1.26,0.81,1678,52590,34.7,146500
Meriden,LargeTown,2014,60293,1.23,0.89,1595,66365,34.99,135000
Meriden,LargeTown,2015,59988,1.21,0.95,1637,54588,35.74,130000
Middlebury,Town,2010,7575,0.81,0.84,99,100866,23.63,280000
Middlebury,Town,2011,7563,0.73,0.81,85,99679,23.63,280000
Middlebury,Town,2012,7572,0.71,0.79,74,97996,23.79,269500
Middlebury,Town,2013,7571,0.7,0.77,69,96181,28.07,280000
Middlebury,Town,2014,7591,0.8,0.91,60,113127,28.86,319500
Middlebury,Town,2015,7634,0.67,1.11,65,97756,29.34,301000
Middlefield,Town,2010,4423,0.75,0.72,46,80392,25.69,256000
Middlefield,Town,2011,4436,0.72,0.77,36,81638,27.43,227450
Middlefield,Town,2012,4416,0.41,0.72,21,87463,28.16,202500
Middlefield,Town,2013,4425,0.77,0.99,35,96765,32.15,233250
Middlefield,Town,2014,4424,0.63,0.75,24,108560,33.24,208700
Middlefield,Town,2015,4407,0.7,0.98,32,102426,33.92,225000
Middletown,LargeTown,2010,47636,1.13,0.83,1202,57655,25.5,207000
Middletown,LargeTown,2011,47749,1.1,0.85,1101,59966,26.4,197000
Middletown,LargeTown,2012,47325,1.17,0.88,972,60542,26.1,190500
Middletown,LargeTown,2013,47333,1.14,0.93,885,59994,26.9,210000
Middletown,LargeTown,2014,47043,1.11,0.85,940,81172,27.7,156500
Middletown,LargeTown,2015,46756,1.06,0.92,790,63691,32.7,165000
Milford,LargeTown,2010,52757,0.89,0.98,1683,76973,27.5,270000
Milford,LargeTown,2011,52675,0.91,0.93,1788,79828,28.44,250000
Milford,LargeTown,2012,52981,0.83,0.91,1632,79531,28.89,255000
Milford,LargeTown,2013,53137,0.8,0.91,1597,80460,25.6,255400
Milford,LargeTown,2014,53358,0.9,0.99,1422,99259,26.28,260000
Milford,LargeTown,2015,53592,0.79,0.94,1385,80247,27.22,247000
Monroe,Town,2010,19512,0.71,0.63,143,109727,29.5,385000
Monroe,Town,2011,19675,0.71,0.62,188,108478,28.26,363000
Monroe,Town,2012,19794,0.65,0.67,162,112605,28.79,350000
Monroe,Town,2013,19834,0.77,0.75,169,103589,29.26,324000
Monroe,Town,2014,19867,0.74,0.57,163,143010,30.41,317000
Monroe,Town,2015,19833,0.72,0.61,126,110558,31.01,299450
Montville,Town,2010,19568,0.84,0.73,129,65349,21.43,179900
Montville,Town,2011,19533,0.9,0.65,148,67734,22.4,168000
Montville,Town,2012,19686,0.89,0.89,243,67262,23,147500
Montville,Town,2013,19713,0.74,0.82,210,68298,29.33,164375
Montville,Town,2014,19635,0.8,0.89,170,79960,29.06,160000
Montville,Town,2015,19396,0.96,0.87,141,70036,29.37,156500
Morris,Town,2010,2387,0.92,1.09,14,81583,20.6,257500
Morris,Town,2011,2373,0.63,1.1,17,87974,20.6,250000
Morris,Town,2012,2356,0.68,0.51,17,89688,20.83,205000
Morris,Town,2013,2345,0.6,0.72,12,83958,21.9,239900
Morris,Town,2014,2314,0.65,0.99,14,95470,21.65,252250
Morris,Town,2015,2293,0.44,1.09,19,83750,22.38,305000
Naugatuck,LargeTown,2010,31861,1.1,0.78,665,59393,31.52,170000
Naugatuck,LargeTown,2011,31810,1.19,0.81,643,63414,32.02,158900
Naugatuck,LargeTown,2012,31774,1.13,0.79,662,62574,32.81,145000
Naugatuck,LargeTown,2013,31707,1.15,0.83,806,59056,33.55,161250
Naugatuck,LargeTown,2014,31659,1.09,0.76,644,77141,44.8,140000
Naugatuck,LargeTown,2015,31538,1.06,0.93,590,58078,44.27,130000
New Britain,LargeTown,2010,73215,1.51,0.92,3360,39706,34.98,129900
New Britain,LargeTown,2011,73261,1.36,0.89,3295,39838,36.63,122250
New Britain,LargeTown,2012,73153,1.43,0.91,3234,39898,36.63,113000
New Britain,LargeTown,2013,72939,1.41,0.92,2525,40294,36.63,122000
New Britain,LargeTown,2014,72878,1.36,0.89,2439,52689,44.12,118000
New Britain,LargeTown,2015,72808,1.43,0.92,2366,40457,49,114392.5
New Canaan,Town,2010,19770,0.72,0.6,138,179338,13.35,1400000
New Canaan,Town,2011,19938,0.87,0.61,113,191750,13.59,1375000
New Canaan,LargeTown,2012,20110,0.71,0.51,136,167037,13.85,1302500
New Canaan,LargeTown,2013,20194,0.72,0.52,127,161848,14.08,1297500
New Canaan,LargeTown,2014,20314,0.7,0.58,131,300285,14.59,1260000
New Canaan,LargeTown,2015,20387,0.66,0.62,149,168311,15.54,1325000
New Fairfield,Town,2010,13905,0.84,0.48,70,101067,20.61,315000
New Fairfield,Town,2011,14020,0.73,0.53,48,102159,23.28,330000
New Fairfield,Town,2012,14112,0.71,0.55,34,98209,23.95,281250
New Fairfield,Town,2013,14145,0.6,0.57,45,103100,24.66,315000
New Fairfield,Town,2014,14149,0.62,0.57,36,123933,25.64,294000
New Fairfield,Town,2015,14126,0.67,0.59,21,101273,26.08,319199.5
New Hartford,Town,2010,6963,0.89,0.62,40,80718,23.9,234900
New Hartford,Town,2011,6929,0.75,0.59,49,84297,24,250000
New Hartford,Town,2012,6903,0.72,0.75,61,85598,24.2,260000
New Hartford,Town,2013,6886,0.64,0.46,52,86354,24.8,283000
New Hartford,Town,2014,6812,0.69,0.65,61,96074,24.95,179000
New Hartford,Town,2015,6764,0.55,0.68,31,87596,27.68,220000
New Haven,City,2010,129774,1.54,0.67,9278,38963,42.21,130000
New Haven,City,2011,129585,1.49,0.65,8295,39094,43.9,133000
New Haven,City,2012,130741,1.46,0.63,8500,38482,43.9,135000
New Haven,City,2013,130660,1.44,0.65,7769,37428,38.88,155000
New Haven,City,2014,130282,1.4,0.63,6553,57862,40.8,142875
New Haven,City,2015,130322,1.34,0.62,6496,37192,41.55,154450
New London,LargeTown,2010,27617,1.23,0.76,1195,84824,25.49,129900
New London,LargeTown,2011,27569,1.39,0.74,1143,84818,25.31,135000
New London,LargeTown,2012,27707,1.22,0.82,1130,84110,25.31,127500
New London,LargeTown,2013,27545,1.39,0.8,1086,80792,26.6,128000
New London,LargeTown,2014,27374,1.26,0.78,1013,99314,27.5,127000
New London,LargeTown,2015,27179,1.23,0.82,795,78343,38,118000
New Milford,LargeTown,2010,28115,0.85,0.67,418,69085,22.52,274500
New Milford,LargeTown,2011,27972,0.97,0.65,606,71817,22.7,255000
New Milford,LargeTown,2012,27835,0.86,0.68,429,75237,24.75,254000
New Milford,LargeTown,2013,27767,0.92,0.75,384,77368,25.37,267900
New Milford,LargeTown,2014,27474,0.86,0.72,401,87593,25.85,257500
New Milford,LargeTown,2015,27276,0.92,0.74,403,79960,26.3,235000
Newington,LargeTown,2010,30565,0.81,0.96,846,43551,28.4,220000
Newington,LargeTown,2011,30586,0.96,1.05,779,45509,29.18,199900
Newington,LargeTown,2012,30602,0.82,0.9,812,44106,30.02,207000
Newington,LargeTown,2013,30756,0.79,0.96,748,43307,32.64,207450
Newington,LargeTown,2014,30685,0.94,0.96,770,54529,33.63,202000
Newington,LargeTown,2015,30604,0.86,1.05,890,36250,34.77,189000
Newtown,LargeTown,2010,27606,0.72,0.57,225,108148,23.43,412000
Newtown,LargeTown,2011,27829,0.61,0.62,209,114695,24,351250
Newtown,LargeTown,2012,28042,0.6,0.78,196,116024,24.37,380000
Newtown,LargeTown,2013,28113,0.59,0.63,129,109159,24.54,312500
Newtown,LargeTown,2014,28152,0.62,0.63,188,139282,33.32,365000
Newtown,LargeTown,2015,28022,0.71,0.68,166,111022,33.31,365000
Norfolk,Town,2010,1707,0.59,0.41,14,85526,19.42,170625
Norfolk,Town,2011,1698,0.41,0.77,18,82250,20.16,254000
Norfolk,Town,2012,1685,0.36,0.71,13,78214,20.11,160000
Norfolk,Town,2013,1678,0.72,0.77,23,71538,20.18,260000
Norfolk,Town,2014,1655,0.3,0.91,10,101838,20.22,275000
Norfolk,Town,2015,1643,0.55,1.22,9,72875,22.41,180000
North Branford,Town,2010,14407,0.72,0.9,288,80618,25.95,260000
North Branford,Town,2011,14383,0.71,1.03,249,78720,26.71,242000
North Branford,Town,2012,14379,0.7,0.95,207,82460,27.77,240000
North Branford,Town,2013,14353,0.59,0.96,177,84783,27.77,261500
North Branford,Town,2014,14322,0.75,0.94,195,105592,29.1,256800
North Branford,Town,2015,14263,0.73,0.98,185,84697,29.92,234900
North Canaan,Town,2010,3311,0.88,1.45,43,46417,21,164000
North Canaan,Town,2011,3295,0.82,2.09,25,45139,21,155000
North Canaan,Town,2012,3259,0.83,1.9,41,45992,21,153600
North Canaan,Town,2013,3241,0.59,1.82,43,49746,21.5,149250
North Canaan,Town,2014,3214,0.59,1.71,41,67267,25.5,144900
North Canaan,Town,2015,3194,0.94,1.94,35,69231,27.5,125000
North Haven,LargeTown,2010,24091,0.66,0.93,621,83588,23.48,250000
North Haven,LargeTown,2011,24054,0.78,0.88,650,81789,26.18,250000
North Haven,LargeTown,2012,24033,0.75,0.95,590,83089,26.54,258500
North Haven,LargeTown,2013,23939,0.73,1.09,491,86250,26.54,250000
North Haven,LargeTown,2014,23909,0.77,0.92,577,104286,28.1,265500
North Haven,LargeTown,2015,23828,0.79,1.05,673,86340,28.1,245579.5
North Stoningto,Town,2010,5295,0.77,0.83,68,88869,19.94,205700
North Stoningto,Town,2011,5287,0.91,0.78,73,81905,20.19,198000
North Stoningto,Town,2012,5303,0.85,0.68,73,81434,20.29,202500
North Stoningto,Town,2013,5291,0.76,0.95,58,82900,25.25,232000
North Stoningto,Town,2014,5288,0.93,0.74,60,91390,25.6,220000
North Stoningto,Town,2015,5256,0.57,0.7,25,75954,25.85,210000
Norwalk,LargeTown,2010,85746,1.4,0.65,2230,76161,19.78,420750
Norwalk,LargeTown,2011,86460,1.39,0.63,2255,76384,20.52,380009
Norwalk,LargeTown,2012,87190,1.35,0.6,1987,75446,20.74,387500
Norwalk,LargeTown,2013,87776,1.31,0.62,1969,74728,21.33,430000
Norwalk,LargeTown,2014,88145,1.3,0.6,1866,104797,22.14,349000
Norwalk,LargeTown,2015,88485,1.3,0.64,1872,76987,25.04,365000
Norwich,LargeTown,2010,40488,1.2,0.85,1115,52186,23.84,127475
Norwich,LargeTown,2011,40408,1.34,0.95,989,51225,24.4,109750
Norwich,LargeTown,2012,40502,1.29,0.9,1062,51304,25.12,94000
Norwich,LargeTown,2013,40347,1.22,0.92,1132,48597,26.9,109687.5
Norwich,LargeTown,2014,40178,1.26,0.86,1001,65335,27.23,89250
Norwich,LargeTown,2015,39899,1.28,0.89,752,50078,38.55,80000
Old Lyme,Town,2010,7603,0.64,1.07,53,92024,19.5,314750
Old Lyme,Town,2011,7587,0.49,0.88,48,93682,18.6,335000
Old Lyme,Town,2012,7592,0.67,0.76,45,92175,18.8,295000
Old Lyme,Town,2013,7592,0.38,0.83,52,87416,19.26,335000
Old Lyme,Town,2014,7575,0.34,0.77,33,116484,19.3,310000
Old Lyme,Town,2015,7521,0.47,1.01,53,87025,19.66,350000
Old Saybrook,Town,2010,10238,0.63,1.5,311,79985,13.44,295750
Old Saybrook,Town,2011,10265,0.61,1.39,178,80347,13.99,368870
Old Saybrook,Town,2012,10238,0.58,1.27,176,78227,14.06,321250
Old Saybrook,Town,2013,10246,0.46,1.5,120,75549,14.62,320000
Old Saybrook,Town,2014,10217,0.64,1.34,169,105355,15.2,327000
Old Saybrook,Town,2015,10160,0.28,1.26,124,71796,18.5,325250
Orange,Town,2010,13956,0.58,0.98,401,102255,28.3,350000
Orange,Town,2011,13933,0.7,0.95,412,104335,28.3,336000
Orange,Town,2012,13935,0.68,0.88,383,106372,30.2,332000
Orange,Town,2013,13953,0.73,1.05,339,106942,31.2,315000
Orange,Town,2014,13955,0.74,1.02,364,138942,30.5,340000
Orange,Town,2015,13944,0.7,0.83,398,107047,30.8,347200
Oxford,Town,2010,12682,0.82,0.6,93,107500,20.44,327500
Oxford,Town,2011,12662,0.81,0.58,68,111122,21.05,293000
Oxford,Town,2012,12819,0.69,0.75,80,107308,23.21,307500
Oxford,Town,2013,12874,0.69,0.55,60,102167,24.1,314500
Oxford,Town,2014,12914,0.66,0.6,54,117567,24.75,309900
Oxford,Town,2015,13013,0.76,0.64,73,97296,24.87,341000
Plainfield,Town,2010,15410,0.99,0.82,62,61500,19.94,140000
Plainfield,Town,2011,15369,1.11,0.88,57,61058,20.19,145000
Plainfield,Town,2012,15267,1.08,0.87,135,62775,20.79,129900
Plainfield,Town,2013,15228,1.04,0.91,149,62708,21.52,148000
Plainfield,Town,2014,15135,0.97,0.95,142,69431,28.36,154000
Plainfield,Town,2015,15077,1.01,0.85,110,60673,28.36,141200
Plainville,Town,2010,17718,0.85,0.94,650,63447,26.33,191000
Plainville,Town,2011,17730,1.07,0.98,605,61489,28.01,170000
Plainville,Town,2012,17819,0.92,0.91,709,61766,28.98,169400
Plainville,Town,2013,17820,0.93,0.91,529,60630,30.89,169950
Plainville,Town,2014,17801,0.8,0.85,516,70796,31.38,170000
Plainville,Town,2015,17773,0.87,0.88,509,58500,31.38,155000
Plymouth,Town,2010,12232,1.02,0.78,286,71630,30.1,174000
Plymouth,Town,2011,12169,0.87,0.82,171,74317,30.85,166500
Plymouth,Town,2012,12089,0.83,0.98,218,73603,31.5,139000
Plymouth,Town,2013,12047,0.75,0.92,213,70273,34.9,164500
Plymouth,Town,2014,11914,0.65,0.83,179,78037,35.45,149950
Plymouth,Town,2015,11813,0.87,0.91,195,70167,34.85,135750
Pomfret,Town,2010,4249,1.04,0.66,37,68278,20.59,254000
Pomfret,Town,2011,4236,0.52,0.68,21,77422,21.55,152500
Pomfret,Town,2012,4217,0.55,0.59,23,82661,22.26,209000
Pomfret,Town,2013,4198,0.57,0.55,50,84918,22.98,195000
Pomfret,Town,2014,4179,0.72,0.74,23,115309,23.79,225000
Pomfret,Town,2015,4163,0.43,0.6,14,91053,24.13,264500
Portland,Town,2010,9506,0.92,0.81,83,86661,27.24,228300
Portland,Town,2011,9530,0.72,1.11,89,93438,27.8,190000
Portland,Town,2012,9472,1.06,0.79,86,92344,28.15,203950
Portland,Town,2013,9456,0.68,0.99,53,88693,30.73,235000
Portland,Town,2014,9444,1.06,0.88,66,102054,31.28,220000
Portland,Town,2015,9391,0.79,0.84,75,90417,31.78,193050
Preston,Town,2010,4725,0.83,0.78,59,77377,18.96,219000
Preston,Town,2011,4716,0.53,0.93,37,78250,19.24,185000
Preston,Town,2012,4753,0.82,0.95,39,76296,19.43,226000
Preston,Town,2013,4755,0.72,0.61,56,74141,19.43,211250
Preston,Town,2014,4748,0.74,0.76,32,80884,23.7,199495
Preston,Town,2015,4707,0.66,1.08,32,69275,23.14,181500
Prospect,Town,2010,9404,0.68,0.88,79,86526,25,252500
Prospect,Town,2011,9390,0.68,0.83,70,93631,25.26,225000
Prospect,Town,2012,9642,0.8,0.86,69,95325,25.2,245000
Prospect,Town,2013,9671,0.71,0.64,106,98151,27.58,239000
Prospect,Town,2014,9723,0.79,0.96,80,109505,28.08,220000
Prospect,Town,2015,9739,0.69,1.11,92,102397,28.98,260000
Putnam,Town,2010,9587,1.07,1.07,264,51180,13.94,140000
Putnam,Town,2011,9562,1.04,1.19,259,51171,13.94,130000
Putnam,Town,2012,9491,1.35,0.98,273,46440,13.94,119900
Putnam,Town,2013,9465,1.26,0.97,247,46627,14.94,145500
Putnam,Town,2014,9416,1.01,1.06,261,58240,15.07,133000
Putnam,Town,2015,9372,1.15,1.2,190,51621,15.07,132500
Redding,Town,2010,9173,0.58,0.85,75,130557,21.8,579000
Redding,Town,2011,9250,0.63,0.81,62,113697,22.22,550000
Redding,Town,2012,9299,0.47,0.88,59,120223,22.79,562000
Redding,Town,2013,9312,0.43,0.95,47,119112,23.28,564000
Redding,Town,2014,9309,0.6,0.83,45,157283,28.95,548500
Redding,Town,2015,9293,0.62,0.82,64,121270,28.91,530000
Ridgefield,LargeTown,2010,24679,0.68,0.51,90,132907,20,695000
Ridgefield,LargeTown,2011,24885,0.69,0.54,69,145000,20.4,483750
Ridgefield,LargeTown,2012,25045,0.61,0.71,89,148104,20.61,607500
Ridgefield,LargeTown,2013,25164,0.7,0.65,76,147993,20.37,650000
Ridgefield,LargeTown,2014,25205,0.56,0.62,66,212297,25.38,636500
Ridgefield,LargeTown,2015,25244,0.61,0.61,108,145902,26.01,582500
Rocky Hill,Town,2010,19712,0.95,0.97,300,72417,22.9,266500
Rocky Hill,Town,2011,19723,0.97,1.23,272,75582,23.8,255000
Rocky Hill,Town,2012,19729,0.93,1.22,279,76128,24.5,251250
Rocky Hill,Town,2013,19915,0.9,0.96,307,77560,25.9,255000
Rocky Hill,LargeTown,2014,20094,1.07,1.18,379,102829,26.6,180500
Rocky Hill,LargeTown,2015,20021,0.98,1.08,353,81576,29.7,195000
Roxbury,Town,2010,2259,0.62,0.66,11,97768,10.9,858000
Roxbury,Town,2011,2249,0.71,0.93,19,98833,11.4,542500
Roxbury,Town,2012,2237,0.31,0.72,18,97031,11.9,822500
Roxbury,Town,2013,2229,0.45,0.58,13,90250,12.1,669000
Roxbury,Town,2014,2201,0.36,0.59,12,144745,13.3,572000
Roxbury,Town,2015,2187,0.5,0.59,13,96875,13.4,531500
Salem,Town,2010,4151,0.82,0.55,43,95000,23.3,250950
Salem,Town,2011,4142,0.65,0.48,24,97424,24.5,275625
Salem,Town,2012,4188,0.88,0.64,44,100375,24.5,282500
Salem,Town,2013,4201,0.6,0.5,28,100625,29.6,242500
Salem,Town,2014,4184,1.1,0.33,30,118023,30.1,259500
Salem,Town,2015,4183,0.81,0.41,19,105326,31.1,218500
Salisbury,Town,2010,3738,0.62,1.63,45,63587,9.3,574500
Salisbury,Town,2011,3720,0.59,1.4,31,70250,9.5,326500
Salisbury,Town,2012,3701,0.46,1.38,32,65625,10,342500
Salisbury,Town,2013,3693,0.49,1.19,36,68094,10.2,437500
Salisbury,Town,2014,3665,0.57,1.8,30,136004,10.4,375000
Salisbury,Town,2015,3638,0.66,1.32,14,82794,10.5,471875
Scotland,Town,2010,1727,1.04,0.46,13,75417,26,168000
Scotland,Town,2011,1722,0.75,0.58,12,77143,28.6,185000
Scotland,Town,2012,1710,0.88,0.23,15,77634,30.07,177500
Scotland,Town,2013,1699,1,0.82,19,78250,30.07,140000
Scotland,Town,2014,1694,0.59,0.3,8,85110,30.36,166166.5
Scotland,Town,2015,1686,0.83,0.47,10,79896,35,173750
Seymour,Town,2010,16540,0.8,0.98,209,71719,25.8,237500
Seymour,Town,2011,16514,0.9,0.96,251,75482,26.78,212500
Seymour,Town,2012,16561,0.88,0.91,177,73099,27.62,194000
Seymour,Town,2013,16571,1.03,1.01,246,75426,32.83,190000
Seymour,Town,2014,16537,0.89,0.89,173,88492,33.23,189900
Seymour,Town,2015,16475,1.1,1.05,175,76991,34.04,178000
Sharon,Town,2010,2780,0.47,1.62,33,70104,10.35,425000
Sharon,Town,2011,2766,0.51,1.34,19,73661,10.9,247500
Sharon,Town,2012,2747,0.47,1.27,21,76117,11.35,390000
Sharon,Town,2013,2743,0.47,1.02,18,74083,11.35,413750
Sharon,Town,2014,2725,0.48,1.47,18,117157,11.7,280000
Sharon,Town,2015,2706,0.22,1.22,11,74625,13.25,276750
Shelton,LargeTown,2010,39626,0.81,0.9,521,80656,18.61,299999
Shelton,LargeTown,2011,39954,0.84,0.96,552,83128,18.61,280000
Shelton,LargeTown,2012,40261,0.76,1.03,457,83755,18.57,275000
Shelton,LargeTown,2013,40999,0.84,0.95,464,86138,22.4,305000
Shelton,LargeTown,2014,41295,0.78,1.02,414,106649,22.31,283750
Shelton,LargeTown,2015,41296,0.77,0.95,456,86870,22.31,274900
Sherman,Town,2010,3586,0.56,0.47,23,115417,15.2,372500
Sherman,Town,2011,3618,0.41,0.47,19,120458,15.7,362000
Sherman,Town,2012,3648,0.49,0.58,19,118750,15.8,350000
Sherman,Town,2013,3670,0.38,0.54,3,112344,16.1,352000
Sherman,Town,2014,3671,0.41,0.79,10,159155,16.84,465000
Sherman,Town,2015,3668,0.55,0.71,7,108398,19.84,430000
Simsbury,LargeTown,2010,23514,0.71,0.78,188,113224,30.1,313950
Simsbury,LargeTown,2011,23528,0.75,0.82,189,116554,30.55,320000
Simsbury,LargeTown,2012,23620,0.69,0.69,192,117577,30.86,312500
Simsbury,LargeTown,2013,23824,0.7,0.66,166,115000,31.37,285000
Simsbury,LargeTown,2014,23975,0.75,0.76,176,146756,37.29,325000
Simsbury,LargeTown,2015,24348,0.8,0.79,139,113355,37.14,286875
Somers,Town,2010,11448,0.55,0.68,107,98977,22.11,289000
Somers,Town,2011,11433,0.46,0.63,68,100573,21.12,277250
Somers,Town,2012,11451,0.52,0.56,54,100100,22.12,280000
Somers,Town,2013,11320,0.43,0.5,44,98846,23.12,279500
Somers,Town,2014,11303,0.58,0.69,45,109664,23.37,250000
Somers,Town,2015,11432,0.52,0.67,38,95605,23.37,269000
South Windsor,LargeTown,2010,25713,0.86,0.75,412,77673,27.84,269900
South Windsor,LargeTown,2011,25729,0.72,0.88,442,77112,28.34,252500
South Windsor,LargeTown,2012,25835,0.85,0.81,381,78668,28.78,256000
South Windsor,LargeTown,2013,25846,0.79,0.81,400,80029,29.43,245500
South Windsor,LargeTown,2014,25823,0.77,0.85,360,97633,34.9,248000
South Windsor,LargeTown,2015,25789,0.81,0.85,301,82704,35.51,226130
Southbury,Town,2010,19903,0.56,1.36,219,88350,20.9,366250
Southbury,Town,2011,19873,0.55,1.38,203,92513,21.5,323750
Southbury,Town,2012,19877,0.49,1.36,182,91519,21.4,300000
Southbury,Town,2013,19859,0.51,1.64,185,90499,21.2,377500
Southbury,Town,2014,19881,0.44,1.64,174,117942,26.4,263450
Southbury,Town,2015,19675,0.47,1.74,187,97389,27.6,179000
Southington,LargeTown,2010,43074,0.81,0.88,762,68041,23.27,255000
Southington,LargeTown,2011,43103,0.8,0.99,801,72177,24.02,240000
Southington,LargeTown,2012,43434,0.74,0.83,783,67195,24.28,283750
Southington,LargeTown,2013,43661,0.76,0.92,836,73341,27.48,248250
Southington,LargeTown,2014,43815,0.83,1,859,105257,27.46,249750
Southington,LargeTown,2015,43817,0.87,0.95,765,84058,28.36,222000
Sprague,Town,2010,2983,0.87,0.74,33,68241,25.75,198750
Sprague,Town,2011,2978,1.01,0.94,35,63155,25.75,120000
Sprague,Town,2012,2988,1.14,0.7,36,67415,25.75,134200
Sprague,Town,2013,2979,1.17,0.44,33,66622,26.75,65000
Sprague,Town,2014,2980,1.11,0.54,28,72752,30,123000
Sprague,Town,2015,2951,1.25,0.81,23,64063,31,120000
Stafford,Town,2010,12092,0.9,0.93,82,64494,27.21,164950
Stafford,Town,2011,12072,0.91,0.88,95,65570,27.96,165000
Stafford,Town,2012,11987,0.79,0.92,88,63672,28.96,163000
Stafford,Town,2013,11928,0.7,0.83,76,61959,32.29,155000
Stafford,Town,2014,11881,0.88,0.81,69,73805,33.06,157500
Stafford,Town,2015,11837,0.92,0.93,56,62371,33.03,159900
Stamford,City,2010,122848,1.57,0.67,2330,75579,16.82,539999
Stamford,City,2011,123868,1.43,0.65,2390,78201,17.17,480000
Stamford,City,2012,125109,1.46,0.62,2283,76797,17.49,504000
Stamford,City,2013,126456,1.46,0.59,2279,76779,17.89,525000
Stamford,City,2014,128278,1.44,0.62,2369,120782,24.04,515000
Stamford,City,2015,128874,1.45,0.64,2180,79359,24.79,428050
Sterling,Town,2010,3832,1.15,0.57,40,64500,20,150500
Sterling,Town,2011,3820,0.92,0.68,37,75000,20.36,139450
Sterling,Town,2012,3799,0.92,0.47,40,67794,21.11,125300
Sterling,Town,2013,3780,0.93,0.4,31,68833,21.34,172000
Sterling,Town,2014,3773,0.85,0.48,22,81959,31.5,140000
Sterling,Town,2015,3764,0.82,0.69,19,72220,31.5,170700
Stonington,Town,2010,18543,0.61,1.3,274,72445,15.1,277250
Stonington,Town,2011,18506,0.76,1.33,330,75972,15.43,248500
Stonington,Town,2012,18556,0.65,1.53,347,80666,15.63,305000
Stonington,Town,2013,18541,0.59,1.44,413,81026,15.89,230000
Stonington,Town,2014,18512,0.83,1.56,339,103315,19.88,253000
Stonington,Town,2015,18370,0.61,1.54,288,77295,20.43,289900
Stratford,LargeTown,2010,51470,1.03,0.96,1494,67530,30.36,226000
Stratford,LargeTown,2011,51901,1.07,1.05,1711,67761,33.32,210000
Stratford,LargeTown,2012,52077,0.99,1.02,1524,67375,34.15,195000
Stratford,LargeTown,2013,52112,1.01,1.1,1504,66361,34.48,218000
Stratford,LargeTown,2014,52734,0.93,0.96,1380,85900,34.64,211500
Stratford,LargeTown,2015,52609,0.95,1.08,1300,66886,35.63,197500
Suffield,Town,2010,15739,0.54,0.85,124,90023,23.15,269900
Suffield,Town,2011,15747,0.58,0.81,102,89802,23.15,276000
Suffield,Town,2012,15868,0.47,0.77,154,92019,24.17,261500
Suffield,Town,2013,15788,0.73,0.97,110,92737,24.84,270000
Suffield,Town,2014,15814,0.7,0.97,85,122711,25.16,267000
Suffield,Town,2015,15662,0.68,0.84,100,99707,27.12,253000
Thomaston,Town,2010,7880,0.91,0.75,136,63990,26.28,179925
Thomaston,Town,2011,7838,0.75,0.73,135,64982,26.98,182500
Thomaston,Town,2012,7788,0.69,0.96,143,67426,26.98,206325
Thomaston,Town,2013,7761,0.72,0.88,114,76692,32.83,196500
Thomaston,Town,2014,7683,0.79,0.85,90,83023,33.13,156000
Thomaston,Town,2015,7621,0.76,0.93,82,67191,33.63,158000
Thompson,Town,2010,9462,0.78,0.88,76,60951,18.21,182500
Thompson,Town,2011,9435,0.9,0.78,105,61517,21.01,156000
Thompson,Town,2012,9373,0.91,0.83,76,63385,21.01,147500
Thompson,Town,2013,9354,0.86,0.94,71,64974,22.2,130974
Thompson,Town,2014,9308,0.76,0.99,70,78655,22.42,140100
Thompson,Town,2015,9290,0.81,0.86,73,69924,22.87,147551.5
Tolland,Town,2010,15057,0.66,0.66,60,99764,29.49,308764
Tolland,Town,2011,15031,0.61,0.65,58,102370,29.15,253000
Tolland,Town,2012,14964,0.78,0.55,89,103358,29.73,251250
Tolland,Town,2013,14915,0.63,0.64,68,103869,29.99,235000
Tolland,Town,2014,14872,0.68,0.65,69,124946,30.19,236250
Tolland,Town,2015,14849,0.7,0.73,48,110593,31.05,223750
Torrington,LargeTown,2010,36350,1.11,1.08,922,48409,35.32,145000
Torrington,LargeTown,2011,36167,1.05,1.12,826,48742,32.5,135500
Torrington,LargeTown,2012,35808,1.04,1.16,919,50548,32.5,125000
Torrington,LargeTown,2013,35611,1.02,1.26,915,51951,33.47,132897.5
Torrington,LargeTown,2014,35190,1.03,1.25,681,66585,34.46,121950
Torrington,LargeTown,2015,34906,1.05,1.15,725,56264,36.32,99000
Trumbull,LargeTown,2010,36077,0.79,0.99,720,102059,24.07,360000
Trumbull,LargeTown,2011,36376,0.68,0.97,714,106058,24.54,358000
Trumbull,LargeTown,2012,36514,0.74,0.99,549,108667,25,310750
Trumbull,LargeTown,2013,36571,0.78,0.94,560,108854,30.71,350000
Trumbull,LargeTown,2014,36578,0.87,1.04,629,132033,31.29,349000
Trumbull,LargeTown,2015,36628,0.88,1.05,884,111312,32.16,345000
Union,Town,2010,853,0.59,1.06,4,79911,22.63,254750
Union,Town,2011,853,1.17,0.35,7,84028,22.89,156000
Union,Town,2012,852,0.35,0.82,4,83500,23.05,224500
Union,Town,2013,848,0.71,0.94,4,83850,23.59,265000
Union,Town,2014,846,0.59,0.35,5,101318,24.37,190000
Union,Town,2015,843,0.24,0.95,4,95865,29,150000
Vernon,LargeTown,2010,29188,1.28,0.92,304,61103,28.42,185000
Vernon,LargeTown,2011,29139,1.16,0.97,343,62115,30.02,155000
Vernon,LargeTown,2012,29122,1.21,0.87,361,61848,29.9,180000
Vernon,LargeTown,2013,29161,1.13,1.03,313,61038,33.63,165000
Vernon,LargeTown,2014,29098,1.25,1,367,76981,35.4,164250
Vernon,LargeTown,2015,28959,1.14,0.92,393,59961,36.11,150000
Voluntown,Town,2010,2602,0.81,0.77,25,73980,20,164596
Voluntown,Town,2011,2597,1.12,0.73,27,76208,20.43,150500
Voluntown,Town,2012,2611,0.84,0.57,23,74032,24.17,139900
Voluntown,Town,2013,2611,0.65,0.61,17,75938,24.25,159700
Voluntown,Town,2014,2593,0.54,0.66,14,80966,24.25,202000
Voluntown,Town,2015,2579,0.85,0.74,14,76012,24.25,175000
Wallingford,LargeTown,2010,45133,0.86,1.01,816,71317,23.2,240000
Wallingford,LargeTown,2011,45062,0.93,1.08,889,72540,24.08,210000
Wallingford,LargeTown,2012,45179,0.79,1.02,930,75467,25.22,220000
Wallingford,LargeTown,2013,45141,0.86,1.12,651,75346,25.98,225000
Wallingford,LargeTown,2014,45074,0.8,1.16,641,93590,26.22,225000
Wallingford,LargeTown,2015,44893,0.87,1.19,649,74060,26.89,215000
Warren,Town,2010,1460,0.27,0.41,6,87857,12,447500
Warren,Town,2011,1453,0.76,0.62,3,97794,12.25,430556
Warren,Town,2012,1447,0.55,0.35,17,96250,12.25,297500
Warren,Town,2013,1447,0.35,1.11,6,100972,13,365000
Warren,Town,2014,1427,0.56,0.98,11,128371,13.9,536000
Warren,Town,2015,1417,0.35,0.78,2,90865,14.2,299000
Washington,Town,2010,3574,0.76,0.7,38,67417,10.75,660000
Washington,Town,2011,3557,0.59,0.62,30,70068,11,532500
Washington,Town,2012,3534,0.42,0.71,27,75865,11,512500
Washington,Town,2013,3526,0.54,1.19,20,80160,11.5,501500
Washington,Town,2014,3487,0.54,0.66,15,125437,11.75,542500
Washington,Town,2015,3466,0.66,0.63,21,81354,13.5,376000
Waterbury,City,2010,110360,1.4,0.88,5012,40254,39.92,90000
Waterbury,City,2011,110189,1.43,0.9,4930,41499,41.82,76950
Waterbury,City,2012,109915,1.38,0.91,5041,40867,41.82,82000
Waterbury,City,2013,109676,1.46,0.86,5046,40639,41.82,70500
Waterbury,City,2014,109307,1.41,0.88,4999,53533,56.98,65000
Waterbury,City,2015,108802,1.48,0.93,4991,40467,58.22,65000
Waterford,Town,2010,19515,0.81,1.07,552,69810,16.86,227000
Waterford,Town,2011,19477,0.69,1.1,542,72036,18.04,190000
Waterford,Town,2012,19533,0.73,1.23,562,75270,18.79,207250
Waterford,Town,2013,19505,0.71,1.22,553,73156,19.77,219999.5
Waterford,Town,2014,19427,0.6,1.34,482,95327,24.05,205000
Waterford,Town,2015,19281,0.69,1.23,468,75956,24.8,196200
Watertown,LargeTown,2010,22492,0.8,0.86,437,77771,22.59,197750
Watertown,LargeTown,2011,22377,0.76,0.75,483,81203,22.91,216500
Watertown,LargeTown,2012,22261,0.73,0.92,549,80899,23.32,179500
Watertown,LargeTown,2013,22228,0.75,0.99,489,80067,24.23,190000
Watertown,LargeTown,2014,22046,0.84,1.08,518,95588,25.09,178750
Watertown,LargeTown,2015,21911,0.78,0.99,479,78722,29.12,181000
West Hartford,LargeTown,2010,63276,1.04,1.01,1527,51854,37.54,295000
West Hartford,LargeTown,2011,63317,0.99,1.05,1587,53057,38.38,307500
West Hartford,LargeTown,2012,63274,0.93,0.98,1743,51911,39.44,290000
West Hartford,LargeTown,2013,63371,1,0.89,1424,52353,35.75,309000
West Hartford,LargeTown,2014,63324,0.96,0.97,1447,65781,36.3,290000
West Hartford,LargeTown,2015,63053,0.91,1.02,1529,50846,37.37,284000
West Haven,LargeTown,2010,55561,1.25,0.77,1828,61069,27.96,171400
West Haven,LargeTown,2011,55477,1.24,0.81,1510,60422,27.96,152549.5
West Haven,LargeTown,2012,55404,1.2,0.8,1766,63885,31.25,160000
West Haven,LargeTown,2013,55046,1.16,0.86,1806,62832,31.25,157833.5
West Haven,LargeTown,2014,54905,1.12,0.87,1665,111086,31.25,156500
West Haven,LargeTown,2015,54927,1.13,0.81,1030,78346,31.25,150000
Westbrook,Town,2010,6937,0.58,0.65,67,78530,16.3,292500
Westbrook,Town,2011,6954,0.78,0.78,43,80061,17.25,230000
Westbrook,Town,2012,6914,0.62,0.88,49,81588,16.96,209000
Westbrook,Town,2013,6906,0.48,0.88,48,82322,20.98,260000
Westbrook,Town,2014,6902,0.57,1.03,51,121828,20.98,275000
Westbrook,Town,2015,6902,0.57,1.06,38,86569,21.79,269000
Weston,Town,2010,10196,0.6,0.31,69,209630,23.61,835000
Weston,Town,2011,10281,0.48,0.47,55,205563,23.86,769000
Weston,Town,2012,10350,0.61,0.37,43,213423,23.93,780000
Weston,Town,2013,10372,0.53,0.36,38,207262,24.02,762500
Weston,Town,2014,10388,0.68,0.4,35,286088,23.89,851000
Weston,Town,2015,10387,0.6,0.32,25,217171,28.24,805000
Westport,LargeTown,2010,26436,0.73,0.54,409,150771,14.41,1052500
Westport,LargeTown,2011,26656,0.66,0.59,426,155792,14.85,977500
Westport,LargeTown,2012,27068,0.7,0.48,331,152586,17.43,1160000
Westport,LargeTown,2013,27308,0.63,0.57,259,160106,17.91,1196000
Westport,LargeTown,2014,27561,0.63,0.67,337,255021,18.07,1190000
Westport,LargeTown,2015,27899,0.56,0.61,282,162907,17.94,1150000
Wethersfield,LargeTown,2010,26670,0.95,1.05,507,71284,30.68,235000
Wethersfield,LargeTown,2011,26690,0.97,1.15,389,72041,30.66,230000
Wethersfield,LargeTown,2012,26710,0.99,1.03,433,76196,31.42,222250
Wethersfield,LargeTown,2013,26510,0.94,0.99,407,77740,32.58,231000
Wethersfield,LargeTown,2014,26446,0.81,0.92,399,93145,33.46,199900
Wethersfield,LargeTown,2015,26367,0.86,1.05,369,77195,36.74,212250
Willington,Town,2010,6043,0.63,0.65,46,62500,23.35,230458.5
Willington,Town,2011,6033,0.75,0.53,28,67736,23.4,239000
Willington,Town,2012,5994,0.8,0.67,36,70013,23.58,201000
Willington,Town,2013,5965,0.62,0.35,36,72011,23.96,180000
Willington,Town,2014,5934,0.81,0.66,47,87036,24.38,142000
Willington,Town,2015,5908,0.52,0.74,33,73526,27.34,189950
Wilton,Town,2010,18091,0.72,0.67,100,153770,19.58,782500
Wilton,Town,2011,18242,0.66,0.71,119,159720,20.16,822500
Wilton,Town,2012,18617,0.58,0.79,96,161906,20.85,747500
Wilton,Town,2013,18657,0.62,0.78,113,167094,21.06,825000
Wilton,Town,2014,18692,0.67,0.8,63,242379,25.99,803000
Wilton,Town,2015,18714,0.73,0.79,77,172095,26.51,773500
Winchester,Town,2010,11231,0.89,1.04,244,57958,24.67,162000
Winchester,Town,2011,11175,0.89,1.01,234,57050,25.43,134000
Winchester,Town,2012,11071,0.84,1.04,268,60994,25.43,132000
Winchester,Town,2013,11013,0.84,1.15,206,58458,25.43,125000
Winchester,Town,2014,10929,0.85,0.98,168,71642,31.2,119000
Winchester,Town,2015,10829,0.78,1.16,261,52757,31.91,112000
Windham,LargeTown,2010,25273,1.19,0.8,156,40063,26.67,141250.5
Windham,LargeTown,2011,25214,1.23,0.78,102,42178,26.67,122603.5
Windham,LargeTown,2012,25091,1.21,0.93,109,41007,28.15,90000
Windham,LargeTown,2013,25213,1.12,0.92,112,41639,28.63,106500
Windham,LargeTown,2014,25005,1.02,0.89,90,53134,29.06,96500
Windham,LargeTown,2015,24799,1.16,0.87,102,41398,32.41,105500
Windsor,LargeTown,2010,29048,0.97,0.84,530,78695,28.34,213500
Windsor,LargeTown,2011,29067,0.9,0.84,491,79927,28.38,185000
Windsor,LargeTown,2012,29140,0.9,0.92,446,77377,28.03,175000
Windsor,LargeTown,2013,29142,0.94,0.94,443,79528,27.95,184500
Windsor,LargeTown,2014,29069,0.96,1,483,94631,27.33,160500
Windsor,LargeTown,2015,29016,0.85,0.84,481,81982,30.47,182000
Windsor Locks,Town,2010,12498,0.84,0.87,286,59369,21.65,185000
Windsor Locks,Town,2011,12507,0.95,1.11,216,62212,23.15,156900
Windsor Locks,Town,2012,12546,0.9,1.06,235,62640,23.4,165000
Windsor Locks,Town,2013,12573,1.05,0.91,244,66583,24.27,157950
Windsor Locks,Town,2014,12565,0.99,1.06,256,81930,24.54,163500
Windsor Locks,Town,2015,12537,0.78,1.09,194,68944,26.23,154500
Wolcott,Town,2010,16678,0.71,0.79,273,78882,22.69,185000
Wolcott,Town,2011,16652,0.73,0.74,306,80529,22.68,210000
Wolcott,Town,2012,16724,0.74,0.91,325,80655,22.68,204000
Wolcott,Town,2013,16725,0.65,0.85,301,83993,25.27,175000
Wolcott,Town,2014,16716,0.67,0.91,314,96690,25.91,175000
Wolcott,Town,2015,16673,0.64,0.93,263,80323,27.17,189750
Woodbridge,Town,2010,8989,0.59,1.15,159,127237,31.09,453900
Woodbridge,Town,2011,8976,0.69,1.05,126,129583,33.11,365500
Woodbridge,Town,2012,8965,0.65,1.1,117,137216,33.08,406000
Woodbridge,Town,2013,8955,0.61,1.05,102,138082,33.73,375000
Woodbridge,Town,2014,8925,0.64,1.06,142,175780,34.14,404000
Woodbridge,Town,2015,8886,0.69,1.14,137,133412,34.97,310000
Woodbury,Town,2010,9965,0.64,0.82,84,80595,21.13,350000
Woodbury,Town,2011,9915,0.57,0.81,72,86802,21.45,372750
Woodbury,Town,2012,9848,0.67,0.69,57,80167,22.46,338000
Woodbury,Town,2013,9822,0.59,0.88,37,81597,22.58,279750
Woodbury,Town,2014,9719,0.52,0.64,39,108852,23.4,254500
Woodbury,Town,2015,9636,0.68,0.84,34,80350,25.69,232500
Woodstock,Town,2010,7966,0.73,0.73,51,74000,17.5,220000
Woodstock,Town,2011,7945,0.62,0.74,35,81320,17.92,195000
Woodstock,Town,2012,7904,0.56,0.57,47,81705,18.42,269000
Woodstock,Town,2013,7897,0.87,0.89,44,77366,21.78,210000
Woodstock,Town,2014,7860,0.81,0.71,31,87110,22.28,208750
Woodstock,Town,2015,7838,0.73,0.73,49,78594,23.1,218500
